ticker_id,product_id,exposure_bucket
15231,2776,Medium
15231,3120,Medium
15231,4332,Low
15231,2433,Medium
15231,4331,Low
15912,4615,High
15136,6308,Medium
15136,6619,High
15527,4905,Low
15527,9130,Low
15527,14624,Low
15527,10515,Low
15494,4534,Medium
15494,2175,Medium
14895,4761,Medium
14895,12430,Low
14895,2315,Medium
14907,1865,Low
14907,3180,Medium
14907,4909,Low
14936,7218,Medium
14936,8204,Low
14838,204,High
14838,205,Low
14870,9565,Medium
14870,9801,Low
14870,12618,Low
14842,9545,Low
14846,6665,High
14852,6302,Low
14852,6293,High
14855,5097,Low
14855,5201,High
14857,2359,High
14857,9783,Low
14857,1222,Low
14862,13636,High
14862,2349,Low
14862,13002,Low
14890,5369,Medium
14890,6547,Medium
14890,12830,Low
15692,1781,Medium
15692,8263,Low
15692,1782,Low
14905,6662,High
14905,6706,Low
14909,7144,Medium
14909,2725,High
14911,3924,Low
14911,13005,Low
14921,12021,Low
14921,4340,Low
14921,6025,High
15826,6657,High
15860,9398,Low
14937,1100,Low
14937,12706,Low
14965,4511,Medium
14965,2263,High
14837,14580,High
14837,3028,Medium
14841,10068,Low
14841,10070,Low
14841,10069,Low
14841,10067,Medium
14843,6664,Low
14843,4348,Low
14843,5393,Medium
14902,14409,Medium
14902,13298,Low
14902,6747,Low
14902,13163,Low
14932,8288,Low
14932,848,Low
14932,13395,Low
14847,8577,Low
14847,7506,Low
14847,7420,Medium
14847,10583,Low
14917,6638,Medium
14917,2416,Low
15276,4776,Low
15276,4775,Medium
15276,4774,Medium
14868,1009,Low
14868,5392,Low
14868,7943,Low
14853,9848,High
14853,6323,Low
14853,11567,Medium
14856,9753,Low
14856,12140,High
14930,2802,Low
14930,7476,Medium
14839,2241,Low
14839,9856,Low
14839,9196,Low
16000,13824,High
16000,8303,Medium
14859,12859,High
14859,1054,Low
14889,11567,Medium
14889,3554,High
14858,5386,High
14858,9103,Low
14931,242,Medium
14931,250,Low
14931,9857,Low
14945,11671,Medium
14945,13946,High
14863,14027,High
14863,5202,Low
14836,5385,Low
14836,2175,Low
14836,12641,Low
14836,8495,Low
14867,10902,Low
14864,6664,High
14910,804,Low
14910,1715,Low
14910,5151,Medium
14910,8801,Low
14943,167,High
14943,9539,Low
14874,177,Low
14874,5907,Medium
14882,3361,Low
14882,6325,Low
14869,8075,Low
14869,5261,Low
14869,13424,High
14873,6112,Medium
14873,1818,Low
14873,1526,Low
14873,6108,Medium
14850,14821,Low
14850,4337,Low
14850,14101,Low
14876,9036,Low
14876,2836,Low
14876,7935,High
14878,6660,High
14877,12091,High
14879,8519,High
14879,8815,Low
14875,12304,High
14875,11363,Medium
14880,12859,Medium
14880,1381,Low
14880,3899,Low
14883,4598,Medium
14883,4574,High
14881,6664,High
14908,2908,Low
14908,13668,High
14908,5598,Medium
15277,6323,Low
15277,1634,Low
15277,13385,Low
15277,11766,Low
15277,13382,Low
15277,11312,Low
14935,7943,High
14935,8598,Low
14884,4432,Low
14884,12226,Low
14884,2720,Low
15533,2187,High
15533,12489,Low
15533,2189,Low
14886,3483,High
14888,8907,Low
14888,10518,High
14888,351,Low
14928,12469,Low
14928,8707,Medium
14928,12464,Low
14928,4826,Low
14928,12465,Low
14894,9441,Low
14894,4525,Low
14957,3079,High
14957,4558,Low
14957,9075,Medium
14860,6761,Low
14860,14423,Medium
14860,13298,Low
14860,13165,Low
14897,9352,Medium
14897,12859,High
14946,4931,Medium
14946,5340,Medium
14946,4480,Low
14898,14592,High
14898,14567,Low
15237,6670,High
14891,5599,Medium
14891,5600,Medium
14891,6728,Low
14896,6665,High
14896,6702,Low
14896,6683,Low
14892,6699,Low
14912,3332,Medium
14912,5506,Low
14912,5500,Low
14912,1375,Low
14893,7144,Medium
14893,2725,High
14899,6657,High
14903,1842,Medium
14903,7198,Low
14903,657,Medium
14904,6664,High
14904,7944,Medium
14916,6092,Low
14916,7149,High
14916,2728,Low
14913,9933,High
14914,5569,Medium
14914,397,Medium
14914,399,Medium
14914,4642,Low
14840,13307,Low
14840,11309,Low
14840,2849,Low
14840,14395,Low
14840,12488,High
14871,18,Low
14871,4474,Low
14871,1077,Low
14885,7711,Low
14885,9219,Medium
14885,6293,High
14940,10566,Medium
14940,3017,Medium
14940,12671,Medium
14940,10572,Low
14915,5603,Low
14915,3480,Low
14915,14400,High
14844,14029,Medium
14844,6657,High
14918,8022,Medium
14918,1311,High
14849,168,High
14854,2621,Low
14854,2744,Low
14854,12611,Low
14854,11622,Low
14923,4529,High
14923,9560,Low
14845,865,Medium
14845,12929,Medium
14845,2465,Medium
14845,12088,Low
14919,14030,High
14924,6665,High
14887,1674,Low
14887,1676,Low
14920,6657,High
14866,13620,Low
14901,2819,High
14901,11951,Low
14922,3281,High
14925,6779,Low
14925,12549,High
14926,3460,Medium
14926,2891,Low
14926,3444,Low
14927,6657,High
14906,13542,Low
14906,13145,Medium
14906,1004,Medium
14929,2788,Low
14929,6982,Low
14929,7897,Medium
14929,2851,Low
14933,7364,High
14933,4667,Low
14934,2421,Low
14934,2754,Medium
14934,1020,Medium
14934,9920,Medium
14872,11562,Low
14872,8422,High
14942,1350,Medium
14942,5221,Low
14942,3158,Medium
14938,8415,Low
14938,8745,Medium
14938,13006,Low
14861,12378,High
14939,9626,Medium
14939,7513,High
14939,5586,Low
14941,32,Medium
14941,2760,Low
14941,13143,Medium
14944,5215,High
14963,9203,Low
14963,4563,Low
14947,6657,High
14949,7202,High
14949,14623,Low
14949,5391,Medium
14954,5750,Low
14954,2858,Low
14955,12185,Medium
14955,10446,Low
14955,10437,Low
14955,8872,Medium
14951,13380,Low
14951,8268,Medium
14951,3365,Low
15031,7051,High
15031,1295,Low
14950,11292,Low
14950,10328,Low
14950,11596,Low
14950,11149,Medium
15722,6620,High
14953,9052,Low
14953,3444,High
14953,11503,Low
14961,8600,Medium
14961,8840,Low
14961,8842,Low
14851,6293,High
14956,1065,Low
14956,7206,Low
14956,1061,High
14959,13372,Medium
14959,5219,Low
14959,1402,Low
14958,5217,High
14958,9029,Low
14960,6676,High
14964,5269,Medium
14964,2173,Low
14964,5378,Low
14983,14109,Medium
14983,1899,Low
14983,12062,Medium
15010,2427,Low
15010,9313,Medium
15010,7422,High
14995,6105,High
14995,5430,Low
14995,1055,Low
14988,4475,Low
14988,13361,Low
14988,8522,High
14975,696,Medium
14975,14187,Medium
14967,169,Low
14967,392,High
14967,393,Low
14972,1246,Low
14972,11385,Low
14972,12503,Low
14968,6632,Low
14968,7202,Medium
14968,6655,Medium
14978,14622,Low
14978,13291,Low
14978,13830,Low
14977,5518,Medium
14977,5517,Low
14977,7708,Low
15001,11620,High
15001,11617,Low
15001,11621,Medium
14984,9250,Low
14984,1372,Medium
14984,9838,Medium
15002,10034,Low
15002,7077,Low
15002,12859,Low
15005,2728,High
14980,10426,Low
14980,10419,Low
14980,10476,Medium
14980,7993,Low
15012,6581,Medium
15012,10363,Medium
15012,10364,Medium
14986,6274,Low
14986,11761,High
14986,5393,Medium
15870,783,Medium
15870,2854,High
14976,10063,High
14992,1853,Medium
14992,2761,Medium
14992,1296,Medium
14996,6647,Medium
14996,5096,High
14996,6653,Medium
14985,789,Medium
14985,6664,Medium
14987,4351,Medium
14987,4365,Low
14987,4367,High
14994,2482,Low
14994,3251,High
15829,10901,Low
14979,3156,High
14993,11458,Low
14993,11457,Medium
14989,8555,High
14989,7079,Medium
15011,6194,Medium
15011,3033,Low
15011,14345,Low
15000,8549,High
14966,12612,Low
14966,4919,Low
14966,166,Medium
14966,9412,Medium
14974,6197,Low
14974,10890,Low
14974,1538,Low
15009,9827,Medium
15009,13696,Low
15009,9819,Low
14999,4256,High
15767,1256,Low
15767,8430,High
15767,12651,Low
15006,7219,Low
15006,3572,Low
15006,14023,Low
15006,1754,Medium
15006,5419,Low
14969,6664,High
14997,6664,High
14997,786,Medium
14948,6733,Low
14948,11556,High
14948,6317,Low
14970,13022,Low
14981,14327,High
14981,6096,Low
14981,4797,Low
14981,11987,Low
15003,5397,High
15003,5394,Low
15003,6555,Medium
14973,7082,Low
14973,5285,Low
14973,14279,Low
14971,10879,Medium
14971,13041,High
14991,1534,Low
14991,14343,Low
14991,3030,Low
14982,12586,Medium
14982,2729,Low
14982,13094,Low
14982,6470,Low
15008,4878,Low
15008,6756,Low
15008,13298,Low
15013,7215,Low
15025,12059,Low
15035,6322,Low
15035,11311,Medium
15035,11549,Low
15038,5260,Medium
15038,5263,Low
15044,1635,Low
15044,3356,Medium
15044,9185,Low
15045,637,Low
15045,14021,Medium
15045,640,Low
15069,1552,Low
15069,13636,High
15069,6587,Low
15069,2349,Low
15072,7149,High
15072,2728,Low
15071,13144,High
15071,3566,Medium
15039,1311,High
15097,9929,Low
15097,1862,Low
15097,1549,Low
15108,10621,Low
15108,5720,Low
15108,2046,High
15114,8996,Low
15114,3444,Low
15114,13188,Low
15119,10051,High
15119,11581,Low
15119,14021,Low
15120,8737,High
15121,4348,Low
15121,1247,Low
15121,6657,High
15026,1714,High
15026,12371,Low
15026,4479,Low
15995,13745,Low
15995,1581,Low
15995,3980,Low
15033,12286,Medium
15034,11616,Low
15034,1081,Medium
15034,10612,Medium
15018,1298,High
15118,1064,High
15118,4824,Low
15062,4770,High
15017,4351,Medium
15017,4363,Medium
15017,4357,High
15093,2725,High
15093,7144,Low
15019,8736,Low
15019,13382,High
15088,12582,Medium
15088,11542,Low
15088,1071,Medium
15088,2429,Low
15124,13650,Medium
15124,1642,Low
15124,1639,Medium
15111,10903,Medium
15089,4368,Medium
15089,4873,Medium
15089,14423,Low
15015,789,Low
15015,5418,Low
15015,6665,High
15032,5372,Medium
15106,902,Medium
15106,4552,Low
15106,10818,Medium
15106,13022,Low
15102,12705,Low
15102,12698,Low
15102,12683,Low
15020,9545,Low
15020,215,Medium
15020,8289,Low
15020,221,Low
15098,1067,Medium
15098,8320,Low
15098,1068,Low
15022,4556,High
15022,1073,Low
15112,7437,Low
15112,6657,High
15112,786,Medium
15090,3922,High
15023,12227,Low
15023,12229,Low
15023,13641,Low
15023,9865,Medium
15023,4475,Low
15116,11396,Low
15116,7014,High
15037,567,Low
15037,58,Low
15037,11136,Low
15037,3678,Low
15040,1284,Low
15040,1285,High
15084,14029,Low
15084,13292,Low
15084,6664,High
15041,9980,Low
15041,6131,Low
15041,696,Low
15455,14008,High
15042,13984,Medium
15042,13982,High
15043,5202,High
15043,6613,Low
15806,11396,High
15806,6770,Low
15806,14580,Low
15051,13354,Low
15051,7887,Medium
15051,7990,Low
15048,3178,High
15048,2478,Low
15290,6244,Medium
15290,2467,Medium
15027,11270,Low
15027,13546,Medium
15027,2160,Low
15047,7144,High
15047,9992,Low
15047,2725,Low
15122,10046,Medium
15122,10037,Medium
15122,6031,Medium
15049,10046,High
15052,7588,Low
15052,13381,High
15052,9323,Low
15066,11495,Low
15066,8181,Low
15066,11512,Low
15066,11496,Low
15109,899,Low
15109,6337,Medium
15109,6758,High
15109,897,Low
15104,1024,Medium
15104,648,Low
15104,3444,High
15105,7212,Low
15105,14393,Low
15105,7213,Low
15105,13201,Medium
15053,2725,High
15053,7144,Low
15058,5262,Low
15029,2890,Medium
15029,5196,High
15057,3323,High
15057,7701,Medium
15057,2271,Low
15059,13920,Medium
15059,13578,Low
15059,4892,Medium
15056,12251,Low
15056,4052,Medium
15056,4080,Medium
15060,2213,Medium
15060,3010,Low
15060,209,Low
15060,5340,Low
15431,8568,Medium
15431,14287,High
15431,6965,Low
15078,8567,Medium
15078,1286,High
15078,6936,Low
15036,3598,High
15030,12438,Medium
15030,4770,High
15046,13386,High
15046,2891,Low
15046,7597,Low
15076,12866,Low
15076,6012,Low
15076,5906,Medium
15050,789,High
15077,8494,Low
15077,8541,Medium
15077,1056,Medium
15054,14238,Low
15054,12496,Low
15054,9975,Low
15054,13615,Medium
15054,1245,Low
15079,6665,High
15080,13157,Medium
15080,6748,Low
15080,12661,Low
15080,14412,Low
15063,6020,Medium
15063,11628,Low
15063,3210,Medium
15223,219,Low
15223,1403,Low
15223,218,Low
15081,7587,Medium
15081,7209,Low
15081,11370,Low
15081,2267,Low
15061,5678,High
15117,12009,Low
15117,12140,High
15117,9137,Medium
15075,3716,Low
15075,13706,Medium
15065,11336,Low
15065,6342,Low
15065,12013,High
15099,2725,Low
15099,7144,High
15014,9911,Low
15014,12055,Low
15014,11452,Low
15014,1071,Low
15083,7171,Low
15083,10046,High
15846,1256,High
15846,14350,Low
15846,14327,Low
15107,471,Low
15107,516,High
15107,534,Low
15743,2751,Low
15743,1021,High
15743,11323,Low
15091,13814,Medium
15091,13813,Low
15091,9190,High
15024,6121,High
15024,8490,Low
15100,6665,High
15085,6664,High
15070,13361,Low
15070,3982,Low
15070,13803,Low
15055,5393,Low
15055,9713,Low
15055,6551,Low
15068,1464,Low
15068,9255,High
15068,964,Medium
15086,3279,Low
15269,5864,Low
15269,7703,Medium
15269,4685,Medium
15269,4652,Low
15103,11552,Low
15103,9250,High
15115,12153,Medium
15115,12155,Low
15115,4931,Medium
15067,2745,High
15113,7150,High
15113,2725,Medium
15087,6084,Low
15087,3729,Low
15087,4836,Low
15087,9963,High
15092,1866,Low
15092,5270,Medium
15092,12830,Low
15125,1372,Low
15125,1046,High
15095,3444,Medium
15095,7063,High
15096,2725,High
15094,3474,Medium
15094,2777,Medium
15101,14282,Low
15101,4351,High
15028,475,Low
15028,1675,Low
15028,1682,Low
15126,11870,High
15064,4568,Low
15064,9877,Low
15064,2405,Medium
15064,9856,Medium
15123,1055,Medium
15123,9624,Low
15123,8274,Low
15110,5399,High
15110,2857,Low
16024,2834,Low
16024,2836,Medium
16024,8116,Low
16024,7936,Low
15145,7508,High
14998,420,High
14998,13598,Medium
15127,5197,Low
15127,3481,High
15127,7043,Low
15128,13684,Medium
15128,3076,Medium
15128,8990,Low
15128,4558,Low
15144,5381,Low
15144,12641,Low
15144,2858,Medium
15144,5393,Low
15129,9952,Medium
15129,4290,Medium
15129,3752,High
15130,6665,High
15140,4352,Low
15140,4359,High
15140,4357,Medium
15138,13636,Medium
15138,2350,Low
15138,12158,Low
15138,4432,Low
15149,10036,Medium
15149,6031,Medium
15149,1567,Low
15141,5339,Low
15141,11311,Medium
15141,6323,Low
15141,11549,Medium
15152,11500,Low
15152,11499,Low
15152,8181,Low
15132,12665,Medium
15132,4351,Low
15132,4363,Medium
15168,6743,Low
15168,6745,Medium
15168,6747,Medium
15166,2725,High
15166,7144,Low
15167,12317,High
15167,4742,Low
15155,4256,High
15131,5339,Low
15131,10904,Medium
15131,7505,Low
15153,12485,High
15137,13298,Low
15137,14420,Low
15147,2913,Medium
15147,3518,High
15147,13675,Low
15164,231,Low
15164,1372,Low
15164,13361,Low
15139,2725,Low
15150,1025,Low
15150,6322,Low
15156,9943,Low
15156,1088,Medium
15156,10339,Low
15156,5992,Low
15143,4350,Low
15143,14580,Low
15143,1242,Low
15143,6331,Low
15151,1245,Low
15151,13574,Low
15151,2430,Low
15151,13626,Low
15160,1503,Low
15160,12062,Low
15160,1918,Medium
15133,8050,Medium
15133,208,Medium
15133,9465,Medium
15142,8180,Low
15142,11496,Low
15476,6092,High
15476,6086,Medium
15157,4475,Low
15157,11933,Low
15157,9228,High
15680,12492,High
15158,8291,Low
15158,5427,Low
15158,2411,Low
15158,6242,Low
15159,11439,Low
15159,11083,Medium
15161,8183,Low
15161,8212,Medium
15161,14036,Medium
15163,1400,Low
15163,2215,Medium
15135,10954,Low
15134,3260,High
15134,9052,Low
15134,237,Medium
15004,2313,Low
15169,13620,Low
15169,5471,Low
15165,14029,High
15170,6147,High
15170,4476,Medium
15186,2725,High
15186,7148,Low
15191,6089,Low
15191,7144,High
15193,6211,Low
15193,2264,Medium
15193,6286,Medium
15194,5388,Low
15194,3358,Medium
15194,5382,Medium
15201,3251,Low
15207,1550,Low
15207,10382,Medium
15207,11328,Medium
15207,1863,Low
15432,10203,Low
15432,2027,Low
15432,10236,Low
15432,10170,Low
15198,13659,Low
15198,1040,Medium
15198,12860,Low
15198,4598,Low
15769,9400,Low
15173,13130,Medium
15173,3009,Medium
15173,14241,Low
15174,416,Low
15174,12374,Low
15174,12390,Medium
15189,11737,High
15189,9975,Low
15203,5376,Low
15203,8100,Low
15203,993,High
15177,688,Medium
15177,14133,High
15195,7887,Low
15195,8822,Low
15466,6664,Medium
15466,5039,High
15179,7197,Low
15179,13830,High
15183,7286,Low
15183,6123,Low
15183,5930,High
15182,8242,Low
15182,11492,High
15944,14012,High
15192,3898,High
15192,6099,Low
15192,9284,Medium
15590,8027,Medium
15188,5760,Medium
15188,9862,Low
15188,14136,Low
15172,11504,Medium
15172,11496,Low
15180,994,Medium
15180,8142,Low
15180,7937,High
15185,6121,High
15181,12548,High
15181,1227,Medium
15588,4542,Medium
15588,1239,Medium
15588,4552,Medium
15184,2369,Low
15184,9124,Medium
15184,8299,Medium
15603,8107,Low
15603,13008,Low
15605,998,Medium
15605,2836,Medium
15605,2833,Low
15196,10066,High
15176,11415,Low
15176,9964,Low
15176,1247,High
15176,3730,Low
15197,14604,Low
15197,14003,High
15197,14605,Medium
15199,5766,Low
15199,13423,Low
15199,4872,Low
15199,14580,Low
15204,1247,Low
15204,2841,Medium
15202,4513,High
15187,1434,High
15190,2728,High
15205,2859,High
15206,6666,High
16023,6300,Medium
16023,5384,Low
16023,9348,Low
15208,7211,High
15208,8025,Low
16020,10002,Low
16020,11114,Low
16020,9983,Low
16020,6025,Medium
16020,10005,Medium
15210,1010,High
15210,6665,Low
15220,9223,Low
15220,6323,Medium
15212,5901,Medium
15212,5,Low
15212,2498,Medium
15221,4519,Low
15221,6751,Low
15221,14418,High
15227,6088,High
15232,5340,High
15232,8150,Low
15232,4928,Medium
15243,4785,Low
15247,9568,Low
15247,13847,Low
15247,13845,Medium
15233,6323,High
15233,10293,Low
15233,7677,Low
15242,4799,Low
15242,13592,Low
15242,11922,Low
15242,2611,Low
15242,12610,Medium
15213,13597,Low
15213,7351,Low
15213,12094,Medium
15246,12626,High
15246,14230,Medium
15245,10285,High
15222,3746,Low
15222,1069,Low
15222,13626,Medium
15222,9904,Low
15235,6713,Low
15235,1881,Medium
15235,5886,Low
15228,1503,High
15230,1866,Medium
15230,5270,Medium
15230,9283,Low
15226,6121,High
15226,12877,Low
15229,6276,Low
15229,13024,Low
15225,849,Low
15225,4372,Medium
15225,12660,High
15211,9908,Low
15211,9906,Medium
15211,7072,Medium
15211,9907,Low
15211,7071,Low
15238,5893,Low
15238,11896,High
15239,13407,High
15249,7216,Low
15249,3928,Medium
15249,7217,Low
15250,9017,Low
15250,6549,Medium
15250,5362,Low
15250,1348,Low
15214,3030,Medium
15214,10878,High
15241,7086,Low
15241,31,Medium
15241,1059,Medium
15241,1287,Medium
15215,8312,Low
15215,7421,Low
15219,17,Medium
15219,1866,Medium
15219,12830,Low
15217,13961,Low
15217,2506,Medium
15217,2510,Medium
15218,1087,Medium
15218,10339,Low
15218,6516,Low
15218,5987,Low
15244,3026,High
15216,12862,Low
15216,4466,Medium
15236,98,Low
15236,1396,Low
15236,14149,High
15264,6741,Low
15264,14408,Low
15264,14410,Low
15252,11683,Low
15252,11690,High
15258,6394,Low
15258,2414,Medium
15258,13880,Low
15258,14757,Low
15271,33,Low
15271,14137,Medium
15285,4501,Low
15285,6526,Low
15285,14293,Medium
15285,1062,Low
15289,3569,Low
15289,4547,Low
15289,11963,Medium
15273,4618,Medium
15273,9870,Low
15273,4619,High
15256,14232,Medium
15256,6853,Medium
15256,6854,Low
15256,11310,Medium
15266,11429,Low
15266,4338,Low
15266,2164,Low
15266,1501,Low
15270,7076,Medium
15270,7081,Medium
15270,7080,Medium
15270,4575,Low
15254,4363,Medium
15254,12666,Medium
15254,4369,Low
15274,9595,Low
15274,7696,Low
15274,11764,High
15880,8521,Low
15880,9753,Low
15880,9203,High
15278,9050,Low
15278,9230,Low
15278,9826,Low
15259,6664,High
15744,11400,Medium
15744,13021,Medium
15744,13022,Medium
15255,14599,Medium
15255,2360,Low
15255,6782,Medium
15265,794,Low
15265,4926,Low
15265,4833,High
15444,4406,Low
15444,4407,Low
15444,4405,Low
15267,5371,Low
15267,992,High
15263,3901,Low
15263,9546,Low
15263,6784,Low
15263,3736,Low
15261,8045,High
15261,6724,Low
15261,11567,Medium
15287,7019,Low
15287,12035,Low
15272,7943,High
15272,1009,Medium
15282,2898,Low
15282,1629,Low
15282,1631,High
15275,9562,Low
15275,14397,Low
15268,6094,High
15268,1760,Medium
15284,1866,High
15284,8184,Medium
15284,9501,Low
15262,6582,Medium
15262,12668,Low
15262,4473,Low
15171,1003,Low
15171,3430,High
15291,1864,Low
15291,2753,Low
15279,8881,Low
15279,4322,High
15283,11396,High
15281,1513,Low
15281,13935,High
15253,9742,Low
15253,11690,High
15253,1479,Low
15257,12922,Medium
15257,10422,Low
15257,8874,Medium
15257,1770,Low
15257,4235,Low
15257,13323,Medium
15257,10424,Low
15260,1464,Low
15260,4862,Medium
15286,5174,Medium
15286,5843,Low
15286,4815,Low
15280,7144,High
15280,2725,Low
15305,4432,Low
15305,6586,Low
15305,8697,Low
15251,154,High
15251,160,Low
15251,11449,Low
15251,4733,Low
15146,10001,Medium
15146,6025,Medium
15146,9983,Low
15146,1566,Low
15318,13203,Medium
15318,14603,Low
15318,14003,Low
15318,8550,Low
15326,11549,Low
15326,6328,Low
15326,9236,Medium
15326,11314,Medium
15293,1871,Low
15293,1339,High
15293,1340,Low
15319,1311,High
15295,9700,Low
15295,9349,Low
15295,10051,Low
15296,8549,Low
15296,786,High
15300,1498,Low
15300,14414,Low
15300,13298,Medium
15300,6760,Low
15321,9230,Low
15321,7090,High
15321,7089,Low
15314,11768,Low
15314,13391,Medium
15329,6665,High
15330,4610,Low
15330,6664,High
15330,5031,Low
15297,14139,Medium
15297,11871,Low
15297,13715,High
15337,14001,Medium
15337,14582,Low
15337,9468,Low
15338,3012,Low
15338,1960,Medium
15338,12511,Low
15298,7257,High
15298,7256,Medium
15298,7258,Low
15299,11644,Medium
15299,3563,Medium
15299,13177,Medium
15311,2550,Low
15311,12421,Medium
15311,4756,Medium
15306,9563,Medium
15306,5496,Low
15306,9140,Low
15306,12830,Low
15306,9428,Medium
15307,5082,Medium
15307,1247,Medium
15307,5083,Medium
15313,5121,Low
15313,14043,Medium
15313,1038,Medium
15317,4255,High
15324,8367,Low
15332,2836,Low
15332,6651,Low
15332,2831,Low
15312,11617,Low
15312,2881,Medium
15312,4927,Low
15312,6544,Medium
15327,12228,Low
15331,6664,High
15308,2725,High
15308,7144,Low
15325,6322,Low
15325,9184,Low
15325,11547,High
15340,11482,Medium
15340,4986,Low
15340,1718,Low
15309,6978,Medium
15309,6247,Low
15309,6264,Medium
15316,12095,Medium
15316,4988,Low
15316,7104,Medium
15315,9255,Medium
15315,9856,High
15315,3351,Low
15322,8097,Low
15322,13878,Low
15322,14758,Medium
15302,3175,Low
15302,14590,Low
15302,1534,Low
15302,14268,Low
15323,229,Low
15323,1350,Low
15323,5362,Low
15323,13356,Low
15323,12830,Low
15320,14584,Medium
15320,14586,Low
15320,14001,High
15328,11463,Medium
15328,8453,Low
15328,11460,Low
15328,11457,Low
15339,394,Low
15339,7277,Low
15339,13544,Low
15339,4524,Medium
15334,5463,Low
15334,3293,Low
15334,1034,Low
15334,1346,Low
15303,4846,High
15335,1294,High
15310,14234,High
15336,616,Low
15336,618,Medium
15336,11024,Low
15342,12833,Medium
15341,12184,Low
15341,8207,Low
15341,4385,High
15350,5287,Medium
15350,5625,Medium
15350,2229,Low
15356,5387,Low
15356,4475,Low
15356,5431,Low
15356,13358,Low
15353,5393,Low
15353,5108,High
15352,13381,Low
15352,9323,Low
15355,12939,Low
15355,13376,Medium
15355,3344,Medium
15382,5897,Low
15382,5902,Low
15382,3881,High
15393,1866,Low
15393,3295,Low
15393,9480,Low
15349,9805,Low
15349,5387,Low
15349,6293,High
15394,9590,Low
15394,9339,Low
15394,13604,Low
15394,2199,Low
15360,6552,Low
15361,9007,Low
15361,1630,Low
15363,4899,High
15348,8473,High
15364,5202,High
15674,11674,Medium
15674,3444,High
15370,7335,Low
15370,3428,High
15370,171,Low
15568,1843,High
15568,7970,Low
15365,6657,High
15367,10279,Low
15367,7670,High
15367,13381,Low
15384,2412,Low
15384,9554,Medium
15384,5275,Low
15384,27,Low
15578,100,Medium
15578,13311,Low
15578,9918,Medium
15362,4348,Low
15362,1503,Low
15362,2764,Low
15369,8721,Medium
15369,6475,Low
15369,2852,Medium
15378,3670,Medium
15378,7906,Medium
15378,131,Low
15375,6657,High
15368,11910,High
15591,7810,Low
15591,11567,Low
15371,6657,High
15372,5216,High
15347,6967,Low
15359,12993,Medium
15359,14357,Low
15359,8021,High
15687,5582,High
15391,6609,Medium
15391,6121,Low
15391,7199,High
15344,13144,High
15344,14617,Medium
15344,7937,Low
15374,11556,High
15374,8045,Low
15381,9960,High
15381,9975,Low
15351,8043,Medium
15351,14394,High
15882,8378,Low
15882,1763,High
15346,11548,Low
15346,8406,Low
15357,3619,Low
15357,12052,Low
15357,7001,Medium
15357,7000,Low
15358,14139,Low
15358,8457,Low
15380,1775,High
15373,7508,High
15390,781,High
15383,11339,High
15383,6951,Medium
15389,6285,Medium
15389,13143,High
15376,11650,Low
15377,6664,Medium
15379,5202,High
15386,7020,Low
15386,12036,Low
15388,6071,High
15392,4532,Low
15392,14275,Low
15392,3422,High
15354,12859,Low
15354,9359,Low
15404,4445,Low
15404,1074,Medium
15404,4446,Medium
15404,4437,Medium
15396,13628,Medium
15396,14139,Low
15396,3879,Medium
15396,99,Low
15403,14570,Medium
15403,14344,Low
15403,12921,Low
15399,9184,Low
15399,1362,Low
15399,5420,Low
15399,5387,Low
15395,12059,Low
15395,11469,Medium
15395,1507,Low
15398,3043,Low
15398,8550,Low
15398,3044,High
15397,10065,High
15400,8575,High
15400,10347,Low
15400,12361,Low
15400,14228,Low
15401,6261,Low
15401,5277,Medium
15401,6978,Low
15405,6657,High
15405,5416,Medium
15402,2477,Low
15402,203,Medium
15402,6050,Low
15402,12849,Low
15408,13396,Low
15408,14280,Low
15408,1669,Low
15406,11952,Medium
15406,13185,Medium
15406,7214,Low
15413,12981,Low
15413,4909,Low
15413,170,High
15421,5402,Low
15421,5386,High
15421,5382,Low
15411,3899,Low
15411,6241,Low
15411,6246,Medium
15411,9679,High
15412,439,Low
15412,427,High
15412,445,Low
15410,1503,High
15410,11447,Low
15410,4348,Low
15426,5621,Medium
15426,10864,Medium
15441,13615,Low
15441,12467,Medium
15441,8797,Medium
15441,12339,Low
15414,8568,Medium
15414,14287,Medium
15414,2313,Medium
15417,3564,Medium
15417,5386,Low
15417,8498,Medium
15415,5490,Low
15415,5418,Medium
15415,1372,Medium
15424,13305,Low
15424,13580,Low
15424,4895,Low
15424,12029,High
15425,10000,Low
15425,9983,Low
15430,11579,Low
15429,786,High
15416,13316,High
15416,4256,Medium
15428,9983,Low
15428,9930,Medium
15427,3444,Low
15427,6830,High
15427,4907,Low
15418,4522,Low
15418,9306,Low
15438,13155,Low
15438,14407,Low
15438,5283,Low
15438,4485,Low
15439,6757,High
15439,14420,Medium
15439,6754,Low
15433,14443,Medium
15433,2249,Low
15433,13708,High
15434,2725,High
15434,7144,Low
15440,13370,Medium
15440,13945,Low
15440,11670,Low
15154,3057,High
15154,13172,Low
15435,4413,Low
15435,11468,Low
15435,4348,Low
15435,11351,Low
15437,6657,High
15423,6293,High
15423,5386,Low
15423,9219,Medium
15436,11466,Low
15436,11459,High
15436,9916,Low
15459,11678,Low
15459,9562,Medium
15459,11672,Medium
15449,9203,High
15449,8550,Low
15449,12136,Low
15465,3092,Low
15465,9203,Medium
15488,668,Low
15488,631,Medium
15488,14021,Low
15490,5198,Medium
15490,3211,High
15491,14604,Low
15491,12144,Low
15491,14003,High
15479,6293,High
15479,8523,Low
15479,5386,Low
15485,11453,Low
15485,4435,High
15481,11396,High
15472,2865,High
15472,11682,Low
15480,5597,Low
15480,11578,High
15467,13144,Medium
15467,1843,Medium
15467,7976,Medium
15451,1372,Medium
15451,12140,High
15453,12146,Low
15453,903,Low
15453,4915,Low
15453,6533,Low
15450,9474,Low
15450,9318,Low
15450,2354,Low
15460,220,Medium
15460,217,Medium
15460,221,Low
15162,3444,Low
15162,11669,Medium
15162,11668,Low
15162,13317,Low
15454,11442,Medium
15454,960,Low
15454,13132,Low
15487,6664,High
15447,9347,High
15461,6323,Low
15458,6657,High
15458,4943,Medium
15473,4514,High
15468,213,High
15468,11401,Low
15468,9545,Low
15469,5988,High
15469,1064,Low
15469,6496,Low
15452,2606,Medium
15452,803,Medium
15452,8234,Low
15462,8801,Medium
15462,804,Low
15462,7306,Medium
15462,5151,Low
15471,5754,Low
15471,194,High
15471,13035,Medium
15457,2815,Low
15478,6664,High
15456,3339,Low
15456,4494,Medium
15456,3964,Low
15456,13139,Low
15464,4908,Low
15464,7220,Medium
15474,9566,High
15470,14233,Low
15470,11584,Low
15470,244,Medium
15477,7932,Medium
15477,3577,High
15448,3179,High
15448,3177,Low
15483,9323,Low
15463,7673,Medium
15463,5897,Low
15463,6,Medium
15446,6017,High
15446,7559,Low
15486,7998,Low
15486,1838,Low
15486,396,Medium
15489,13116,Low
15489,11227,Medium
15489,3687,Low
15489,11174,Low
15508,14296,Low
15508,7454,Low
15508,6543,High
15513,3684,Low
15513,2852,Low
15521,5429,Low
15521,4528,Low
15521,8419,Medium
15537,11716,Low
15537,6964,High
15537,1903,Low
15540,3975,Low
15540,1581,Low
15540,8743,Low
15540,3974,Low
15547,4530,Low
15547,1510,Medium
15547,12007,Low
15550,12689,Low
15550,9057,Low
15550,4859,Low
15566,12830,Low
15566,3268,Low
15566,7587,Low
15512,7052,High
15504,6665,High
15515,2728,High
15499,8768,Medium
15499,7083,High
15556,13619,Medium
15556,8553,Low
15556,2719,Medium
15530,6657,High
15021,2309,Low
15021,1255,Low
15021,4337,Medium
15544,2725,High
15538,10022,Low
15538,6036,Medium
15538,6034,Low
15538,8630,Medium
15545,792,Medium
15545,2369,High
15343,5286,Low
15343,14788,High
15525,6062,Low
15525,12019,Low
15525,2750,High
15546,3489,High
15546,3490,Low
15546,3491,Medium
15558,3301,Low
15492,10878,High
15492,5194,Low
15493,11632,Low
15493,9917,Low
15498,14592,High
15498,8238,Low
15501,7082,High
15501,14788,Medium
15552,7144,Low
15552,2725,High
15553,2275,Low
15553,13347,Low
15553,7272,Low
15553,2597,Low
15496,4892,Low
15496,8906,Medium
15496,7395,Medium
15495,10870,Low
15495,13713,High
15554,1635,Medium
15497,530,Low
15497,6786,Low
15497,10226,Low
15563,3356,Medium
15563,5393,High
15564,11567,High
15564,3493,Medium
15528,1044,Low
15528,7042,Low
15528,6551,Low
15520,4817,Low
15520,1326,Low
15520,6971,Medium
15520,6985,Low
15500,14821,Low
15500,1506,Low
15500,12059,Low
15500,11465,Medium
15514,11396,High
15514,2463,Low
15503,5416,Low
15503,14029,Low
15503,6664,High
15506,1753,Low
15506,5582,Low
15506,994,Low
15506,11909,Low
15542,6664,High
15542,6685,Low
15542,6691,Low
15541,2893,High
15541,11672,Medium
15541,3483,Low
15529,8101,Medium
15529,1842,Medium
15522,6826,Medium
15522,13500,Low
15522,5393,High
15511,1026,Low
15511,14155,Low
15555,13013,Low
15555,7990,Low
15510,12870,Low
15510,1372,Medium
15510,5192,High
15551,8540,Low
15551,14295,Medium
15551,8496,Low
15551,4534,Low
15507,14620,High
15502,6734,Low
15502,647,Medium
15502,6827,High
15559,12283,High
15559,3444,Low
15559,8045,Low
15548,11310,Low
15548,6316,Low
15526,12627,High
15524,12147,Low
15524,6789,Medium
15524,13203,Medium
15557,5777,Low
15557,1619,Medium
15557,1270,High
15518,5393,Low
15518,14764,Medium
15518,5390,High
15519,6664,High
14952,4824,Low
14952,1064,High
15543,14029,High
15534,11673,Medium
15534,9545,Medium
15534,9547,Low
15534,4911,Medium
15516,1764,Low
15516,1885,Medium
15516,3578,Low
15862,14286,Low
15862,1283,Low
15862,1256,High
15505,13173,Medium
15505,2165,Low
15505,13055,Low
15505,2168,Medium
15539,11374,Low
15539,5588,High
15531,11934,Low
15531,7239,Medium
15531,1483,Low
15532,7318,Low
15532,3573,High
15509,4534,Low
15535,12859,Low
15535,9566,Medium
15535,2481,Low
15536,3054,Low
15536,13106,Medium
15536,6938,Medium
15549,11675,Low
15549,2356,Low
15549,11676,Medium
15523,14045,Low
15523,2518,Medium
15523,439,Low
15562,10341,Low
15562,3980,Low
15562,14040,High
15560,2725,High
15561,8630,Low
15561,6031,High
15565,8299,Medium
15565,9789,Low
15565,10556,High
15581,2415,Low
15592,8419,Medium
15592,3245,Low
15592,1557,Medium
15570,1057,High
15979,1791,Low
15979,10900,Medium
15595,13202,Medium
15595,7207,Low
15595,11952,Medium
15584,1425,Medium
15584,9285,Medium
15584,13766,Low
15601,5756,High
15601,3444,Low
15601,6396,Medium
15600,9059,High
15600,3454,Low
15600,11545,Low
15602,11396,High
15572,1426,Low
15572,9347,Low
15224,7321,Medium
15224,165,High
15577,9988,Medium
15587,3170,Medium
15587,9497,High
15209,12636,Medium
15209,12639,Low
15209,4394,Medium
15607,7063,High
15607,3444,Medium
15593,12982,Medium
15593,2820,Low
15593,9041,Low
15594,7208,Medium
15571,5019,Low
15571,6665,High
15604,3392,Low
15604,5218,High
15608,12722,Low
15608,10580,Medium
15608,5820,Low
15608,1082,Low
15575,2550,Medium
15575,4770,High
15575,12438,Low
15589,2367,Medium
15589,3073,High
15576,6326,Low
15580,7191,High
15611,13023,High
15579,5800,Medium
15579,12658,High
15579,847,Low
15574,4256,High
15574,9347,Low
15569,13316,High
15573,9713,Medium
15573,12669,Low
15409,13298,Low
15409,4362,Medium
15409,4885,Low
15409,13165,Low
15583,2728,High
15582,4245,Low
15582,6853,Medium
15582,8149,Low
15582,2891,Low
15609,8789,High
15609,8749,Low
15586,6605,Low
15586,7596,Medium
15586,5899,Medium
15598,14029,High
15599,8044,Low
15599,3441,High
15597,4348,Medium
15597,1248,High
15597,11415,Low
15596,12246,Low
15596,1140,Low
15596,8354,Low
15596,4037,Low
15639,6053,Low
15639,11933,Low
15639,9193,Low
15639,9856,Low
15620,4655,High
15620,4650,High
15630,3523,Low
15630,5605,Low
15630,3506,Low
15623,11579,Low
15640,6614,Low
15640,12151,High
15640,7315,Medium
15649,105,Low
15649,6025,Low
15649,2728,High
15621,13047,Medium
15614,7557,High
15622,1803,Low
15622,13623,Low
15622,9348,Medium
15615,5776,Low
15615,1270,High
15626,4834,Medium
15626,4837,High
15625,13076,Low
15625,12511,Medium
15625,11285,Medium
15625,3720,Low
16032,8749,Medium
16032,4181,Medium
16032,4180,Low
15618,12702,Medium
15618,4521,Low
15628,6657,High
15612,5211,High
15627,1031,Low
15627,1029,Medium
15644,1246,Medium
15642,11318,Medium
15631,14788,Medium
15631,7082,High
15631,12010,Low
15632,8393,Low
15632,6156,High
15633,7672,Medium
15633,14219,Medium
15633,13124,Low
15634,13378,Low
15634,3612,Low
15636,6667,Medium
15636,5398,Low
15635,5028,Low
15635,6665,Medium
15643,5213,High
15643,2860,Medium
15637,7830,Low
15637,12557,Low
15637,1044,Low
15638,13541,High
15638,14621,Low
15619,5006,Medium
15619,6657,High
15619,12968,Low
15420,7943,High
15617,13497,Medium
15617,995,Low
15617,7937,High
15641,805,Medium
15641,3102,Low
15641,4431,Medium
15641,12626,Medium
15645,6021,Medium
15645,9485,High
15645,3614,Low
15646,6017,High
15646,9018,Low
15647,2728,High
15647,7148,Medium
15629,5413,Low
15629,12023,Low
15629,14210,Low
15613,4633,Low
15613,6932,Low
15613,4634,Low
15648,6744,Low
15648,14411,Low
15648,6742,Low
15660,11926,High
15660,13729,Medium
15660,8971,Low
15655,10902,Low
15655,1030,Low
15655,7044,Low
15658,10022,Low
15658,6041,Medium
15658,10054,Medium
15073,5339,Low
15073,11549,Medium
15073,11311,Medium
15665,3523,High
15673,4475,Medium
15673,9856,Medium
15673,9228,Medium
15695,13144,High
15705,6665,High
15650,5393,High
15662,3116,High
15662,14832,Low
15678,2624,High
15678,5829,Low
15709,10556,Medium
15709,4328,Medium
15709,13707,Medium
15652,11311,Low
15654,7209,Medium
15712,12070,Low
15712,12060,Low
15712,1503,Medium
15656,6031,Medium
15656,10055,High
15656,10026,Low
15234,7940,Low
15234,7943,High
15677,9566,Low
15677,10818,High
15677,11511,Low
15671,5121,Low
15671,14043,Low
15671,4473,Low
15671,8203,Low
15671,13188,Low
15702,234,Low
15702,13621,Low
15657,9468,Low
15657,13013,Low
15657,3032,Low
15664,6650,Low
15664,2836,Low
15664,2831,Low
15706,6300,Low
15706,1427,Medium
15007,1311,High
15007,8022,Medium
15708,3717,Medium
15708,3718,Low
15708,3939,Low
15686,14271,Medium
15686,1866,Medium
15686,13176,Low
15686,4291,Low
15666,7199,High
15666,13144,Low
15666,7971,Low
15669,11452,Low
15669,1301,Low
15669,12055,Low
15699,4319,Low
15699,3926,Medium
15694,2725,High
15696,6657,High
15696,1247,Low
15667,8626,Low
15667,3026,Low
15667,6657,High
16003,3026,Medium
15668,5045,Low
15668,14029,Medium
15668,6668,High
15672,10063,High
15653,14134,Low
15653,686,High
15653,1932,Medium
15685,8534,Medium
15685,4912,Low
15685,2188,High
15704,10004,Medium
15704,1566,Low
15704,6025,Medium
15704,11580,Low
15679,10278,Medium
15679,11912,High
15693,4438,Low
15693,4422,High
15693,11458,Medium
14865,4513,Low
14865,12482,High
15684,6322,Low
15684,3483,Low
15684,9204,Low
15682,11568,Medium
15682,3156,Low
15682,8044,High
15675,12491,Low
15675,267,Low
15675,7088,Low
15688,8299,Low
15688,14273,Low
15688,852,Low
15707,4347,Low
15707,1503,Low
15707,11457,Medium
15689,6869,Low
15689,11430,High
15689,4337,Medium
15661,2438,High
15661,2441,Medium
15691,3269,Low
15691,13200,High
15691,9293,Low
15690,5592,High
15690,12830,Low
15681,6552,Low
15681,13022,Low
15676,14619,Low
15676,6609,Medium
15659,6657,High
15659,9976,Low
15659,7883,Low
15701,14606,Low
15701,4348,Medium
15701,13301,Low
15700,6934,High
15700,14268,Low
15700,14283,Low
15697,13620,Medium
14848,6219,Low
14848,8107,Low
15710,6301,High
15710,9349,Low
15670,12340,Low
15670,14241,Medium
15670,12502,Low
15670,12027,Low
15670,2838,Low
15698,5290,Medium
15698,6228,Low
15698,6609,Medium
15484,3571,High
15484,11629,Low
15703,2822,Low
15703,12984,High
15663,11207,High
15713,9324,Low
15713,11556,High
15713,644,Low
15715,5099,High
15715,5431,Low
15716,7063,Medium
15716,8045,High
15442,136,Low
15442,6179,High
15442,11413,Low
15610,398,Low
15610,3037,High
15711,3301,Low
15711,5465,Low
15711,13620,Low
15718,6836,Medium
15718,5393,Medium
15717,6546,High
15714,2862,High
15714,5393,Low
15714,5213,Low
15721,1077,Low
15721,13350,Low
15721,8034,Low
15733,5207,High
15728,1512,Low
15728,13936,High
15735,1910,Low
15735,14580,Medium
15735,6770,Low
15727,9348,Low
15727,13607,Low
15750,4734,Medium
15750,11571,Low
15750,7887,Low
15750,8819,Medium
15754,9566,Medium
15754,13845,Medium
15754,4246,Low
15754,11672,Low
15723,3845,High
15723,537,Low
15723,4771,Low
15740,6753,Low
15740,4879,Low
15740,13299,Low
15740,14420,Low
15741,3483,High
15741,6738,Medium
15752,7149,High
15752,2728,Low
15651,8602,High
15651,1466,Low
15761,3022,Medium
15761,7022,Low
15761,1860,Low
15763,2441,High
15753,3162,Medium
15753,4577,Low
15753,13684,Low
15724,8010,High
15724,7051,Medium
15731,6265,Low
15731,1874,High
15731,11757,Low
15742,11911,High
15742,8421,Low
15730,13501,Low
15730,5362,Low
15758,1433,High
15758,2844,Medium
15757,14403,Low
15757,14407,Medium
15757,6746,Low
15759,11680,Low
15759,5359,Medium
15759,786,Low
15729,13309,Medium
15729,499,Medium
15764,6665,High
15720,9781,Low
15720,8736,Low
15720,13379,Medium
15737,6664,High
15726,2725,High
15726,10005,Low
15725,2725,High
15725,7144,Low
15738,3159,Medium
15738,3171,High
15739,12614,Low
15739,9766,High
15745,5570,Medium
15745,9441,Low
15745,10480,Medium
15746,6665,High
15747,11765,Low
15747,13389,Low
15748,5393,Low
15748,9105,Low
15749,14420,Low
15749,4360,Low
15749,13298,Low
15732,4756,High
15732,12421,Low
15732,10868,Low
15751,6664,High
15751,5054,Low
15751,754,Low
15756,7079,Low
15756,3103,Low
15756,13731,Low
15756,13730,Low
15756,11931,Low
15760,5624,High
15762,12686,Low
15762,7964,Low
15762,12931,Low
15784,6125,High
15786,13316,Medium
15796,7943,High
15798,6664,High
15812,7144,Low
15812,2728,High
15789,3518,Medium
15789,3501,Low
15789,9184,Medium
15828,1867,Low
15828,4911,Medium
15828,3900,Low
15834,12438,Low
15834,4767,High
15837,13144,Low
15837,5624,High
15838,3061,Low
15838,6609,Low
15838,12961,Low
15770,1551,High
15765,6657,Medium
15771,3730,Low
15771,1246,Low
15771,4838,Medium
15771,12339,Low
15779,2725,High
15779,7144,Medium
15768,9052,Low
15768,6548,Low
15768,6318,Medium
15832,3098,High
15777,13377,Low
15777,1027,Low
15777,1636,Low
15777,11308,Low
15808,7509,Medium
15808,5365,Low
15808,9494,Low
15780,7448,Medium
15766,11672,Medium
15766,6322,Medium
15775,6657,High
15843,13316,High
15814,3874,Medium
15814,4929,Low
15814,5340,Low
15814,4480,Low
15782,14308,Low
15782,14316,Low
15782,11304,Medium
15781,8769,Medium
15781,4256,High
15783,10475,Medium
15783,8166,High
15783,10424,Low
16012,14274,Low
16012,5274,High
16012,2022,Medium
15817,12273,Medium
15817,5588,Medium
15817,14394,Medium
15836,13393,Low
15836,11483,Medium
15836,3172,Low
15856,2346,Medium
15856,13253,Low
15856,6990,High
15790,5184,Low
15790,1508,Medium
15818,4344,Low
15818,1338,Low
15818,14033,High
15794,8600,Low
15794,8839,Medium
15794,8841,High
15240,3476,Low
15240,10902,Low
15792,3145,High
15792,3146,Low
15792,1350,Medium
15778,4363,Low
15778,4357,High
15778,4353,Low
15802,8422,High
15797,967,Low
15797,5768,Low
15797,5767,High
15810,10566,Medium
15810,1683,Low
15810,474,Low
15810,1673,Medium
15807,5589,Low
15807,3455,High
15799,996,Medium
15799,6609,High
15833,6768,High
15833,13507,Medium
15833,6777,Low
15800,11677,Low
15801,6145,Low
15801,4786,Medium
15801,2448,Low
15844,2725,High
15844,7144,Medium
15805,4360,Low
15805,4351,Low
15805,12663,High
15851,11666,High
15851,8045,Medium
15851,5588,Low
15820,6529,Medium
15820,6536,High
15816,12484,Low
15816,12486,Low
15850,9243,Low
15850,11919,High
15850,8436,Low
15849,13885,Medium
15849,8612,Low
15849,4328,Low
15849,1776,High
15819,8739,Low
15819,4870,Medium
15819,3074,Low
15819,4864,Low
15822,7018,High
15822,1028,High
15822,12018,Low
15809,1226,Low
15809,6121,Low
15823,2364,Medium
15823,10483,Low
15823,4320,Low
15823,10461,Medium
15823,2623,Low
15791,5393,Medium
15791,9712,Low
15791,14624,High
15835,46,Low
15773,2507,High
15773,13961,Low
15773,2510,Low
15852,7144,High
15852,2725,Low
15827,4348,Low
15827,13172,Low
15827,12072,Low
15824,3029,Medium
15825,9566,High
15853,6665,High
15787,4518,Low
15787,4803,Low
15787,797,Low
15787,9945,Low
15407,11396,High
15407,2441,Low
15443,5393,Medium
15443,6301,Low
15855,6775,Medium
15855,12830,Medium
15772,5351,Low
15772,2313,Low
15841,4081,Medium
15841,8355,Low
15841,5068,Low
15841,12257,Low
15776,6772,Medium
15776,14587,Low
15776,14000,Medium
15776,8238,Low
15839,12859,High
15774,5264,Low
15774,4751,Low
15774,7342,Medium
15845,11403,Medium
15845,951,Low
15845,13022,Low
15793,4366,Medium
15793,4873,Low
15793,4351,High
15785,14416,Low
15785,6757,Low
15785,13165,Low
15842,1790,Low
15842,10903,Low
15842,1035,Low
15831,3394,Low
15831,1054,Medium
15857,6609,Medium
15857,7200,Low
15857,7937,Medium
15734,12655,Medium
15734,11919,High
15847,9930,Low
15847,11329,Medium
15854,2322,High
15840,11943,Low
15840,4450,Low
15840,8134,Low
15840,4338,High
15585,12856,Low
15755,12861,Low
15813,2820,Low
15813,9052,Low
15813,2418,High
15848,10072,High
15830,1844,High
15788,14105,High
15788,4461,Low
15811,13925,Low
15811,8904,High
15811,8905,Low
15858,9204,Low
15858,3513,High
15859,12074,Low
15859,4518,Low
15859,6885,Low
15859,1254,Low
15891,8235,Low
15821,11315,Medium
15821,11552,Medium
15821,13385,Low
15876,6657,High
15885,1023,Low
15885,6766,Low
15885,14140,Low
15898,8304,Low
15898,9872,High
15916,11503,High
15865,2403,Low
15865,4982,Low
15865,6203,High
15861,7144,Low
15861,2725,High
15893,5581,Medium
15900,4354,Low
15900,13159,Low
15900,4873,Medium
15900,4875,Medium
15903,7147,Low
15903,3649,Medium
15903,6089,Medium
15877,11396,High
15863,6657,High
15889,11396,High
15248,7510,Low
15248,5137,Low
15875,3043,High
15875,7121,Medium
15875,4251,Low
15884,13316,High
15894,7508,High
15868,13384,Low
15869,241,Low
15869,13690,Low
15869,4534,Low
15901,6540,Medium
15901,6542,Medium
15892,9627,Medium
15892,4261,High
15892,5281,Low
15866,9250,Low
15871,9250,Low
15871,1043,High
15871,8494,Low
15872,6022,High
15872,7021,Low
15910,12547,Low
15910,3160,High
15910,6121,Low
15910,9819,Low
15915,2019,High
15920,11567,Low
15920,3543,High
15899,10046,Medium
15921,6566,Medium
15921,12070,Low
15921,1256,Low
15922,806,Low
15922,4918,Medium
15922,3215,Low
15922,243,Medium
14962,10557,Medium
14900,14298,Low
14900,6943,Low
14900,2613,Medium
14900,12610,Medium
15804,12468,High
15804,3429,Medium
15016,1503,Low
15016,4348,Low
15082,6608,Medium
15082,2461,High
15567,14351,High
15567,14352,Low
15288,7237,Medium
15288,7240,Low
15288,7236,Low
15288,7239,High
15294,4338,High
15294,1242,Low
15294,7310,Medium
15333,13055,Low
15333,2165,High
15333,2299,Low
15803,5761,Low
15803,4347,Low
15803,13172,Low
15803,2313,Medium
15803,3026,Medium
15419,11454,Low
15419,11541,Low
15419,12055,Medium
15419,11455,Low
15419,5781,Low
15475,8056,Low
15475,12141,Low
15475,14001,High
15517,1072,Low
15517,5280,Low
15616,1777,Low
15616,11317,Low
15616,11872,Low
15795,7070,High
15795,13645,Low
15795,12626,Medium
15815,2165,Low
15815,4348,High
15074,2302,Low
15074,2304,High
15864,6695,Low
15864,6664,High
15890,2858,Medium
15890,5393,Low
15890,6639,Low
15890,6633,Low
15879,5456,Medium
15879,3268,Low
15879,5267,Medium
15878,1688,High
15878,7091,Medium
15886,13350,Medium
15886,8034,Low
15886,1233,Low
15886,1077,Low
15918,11935,Medium
15883,13630,Low
15883,8254,Low
15883,4432,Low
15895,5601,Low
15895,10902,Low
14990,13004,Low
14990,10442,Low
14990,6933,Low
15914,7113,High
15914,194,Low
15914,12493,Low
15909,10871,Low
15909,13640,Low
15913,9282,Low
15913,207,Medium
15913,4910,Low
15888,6609,High
15906,6552,Medium
15906,5398,Low
15906,9131,Low
15867,237,High
15867,13188,Low
15736,4256,High
15917,6657,High
15887,8599,Low
15887,7943,High
15873,10797,Medium
15873,10789,Low
15881,11352,Low
15881,2492,Low
15881,12065,Low
15902,2368,Low
15902,10427,High
15908,465,Low
15908,14038,Low
15908,2230,High
15904,11307,Low
15904,4502,Medium
15904,13149,Low
15905,4987,Low
15905,11690,Medium
15905,11691,Medium
15874,8149,Medium
15874,233,Medium
15874,237,Medium
15907,13548,Low
15907,13547,Low
15907,13546,High
15896,8533,Medium
15896,13563,Low
15304,4906,High
15304,13389,Low
15304,5339,Medium
15897,13024,Medium
15897,6273,High
15897,2462,Low
15919,13205,Medium
15919,7536,Low
15919,2814,High
15911,4443,Low
15911,4448,Low
15911,12073,Low
15911,4441,Low
15929,13648,Low
15926,6190,Medium
15926,3030,Low
15926,1534,Medium
15926,14581,Low
15926,10892,Low
15927,4327,Low
15927,8316,Low
15927,10517,High
15928,6091,High
15932,11400,Low
15938,1503,Low
15938,11461,Low
15938,4462,Low
15940,7454,High
15940,14182,Medium
15930,7210,Medium
15930,14396,High
15930,5627,Low
15931,9975,Low
15931,1243,Medium
15931,4834,Medium
15924,9713,Low
15924,9219,High
15924,9802,Low
15719,10063,High
15923,13296,Low
15923,12661,Medium
15923,6755,Low
15923,13158,Medium
15933,14419,Low
15933,4520,Low
15933,6749,Low
15934,4347,Low
15934,4452,Low
15939,11662,High
15939,12473,Low
16016,13796,Low
16016,12251,Low
16016,4102,Medium
16016,4156,Medium
15941,5031,High
15941,6657,Low
15945,13571,High
15945,13565,Low
15945,13564,Low
15624,7895,High
15935,14001,Medium
15935,14137,Low
15935,7017,Low
15925,14012,High
15936,14409,Low
15936,13156,Low
15936,12659,Low
15937,6665,High
15942,6609,Low
15942,8142,Medium
15942,7199,Low
15943,1919,Low
15943,11487,Low
15943,11340,Medium
15950,6757,Low
15950,13162,Medium
15950,4361,Low
15978,13382,Low
15978,7190,Low
15978,1058,Medium
15175,2725,High
15175,7144,Low
15981,13388,High
15970,9205,Low
15970,9566,High
15970,9137,Medium
15946,4256,High
15946,8770,Medium
15955,10051,Medium
15955,6031,Medium
15955,6095,Low
15955,6093,Low
15959,13621,High
15959,5474,Low
15959,191,Medium
15977,10015,Low
15977,6172,High
15960,13373,High
15960,5199,Medium
15964,14774,High
15951,2188,High
15949,6293,High
15949,8524,Low
15949,9220,Medium
15948,2853,Low
15956,4534,Low
15956,5431,Medium
15956,5430,Low
15965,2354,Low
15965,2891,Low
15980,13385,Low
15980,13690,Low
15980,6323,Low
15966,11675,High
15966,13644,Medium
15966,12644,Low
15968,6655,High
15967,13941,Medium
15967,2497,Medium
15967,11362,Low
15973,13159,Low
15973,14420,Low
15973,6752,Low
15975,6681,Low
15975,6707,Low
15975,6657,High
15952,5233,Low
15952,13659,Low
15952,12864,High
15969,1497,Medium
15969,14402,Low
15969,14404,Medium
15958,6602,Low
15958,11908,High
15961,2725,High
15953,786,High
15971,3961,Low
15971,3483,Low
15971,14061,Low
15971,3956,Low
15963,12989,Low
15963,4380,Medium
15963,11394,Medium
15972,12653,Medium
15972,7597,Low
15972,1780,Low
15947,1369,Medium
15947,5223,High
15974,2728,High
15954,4404,High
15954,1582,Low
15976,2725,High
15962,11313,Low
15962,8536,Medium
15962,5387,Medium
15957,2750,High
15957,12019,Low
16010,7144,Medium
16010,2728,High
15292,5384,Low
15989,6178,High
15989,2214,Low
15987,9893,Low
15987,1040,Low
15987,5531,Medium
15422,11446,High
15422,1894,Low
16001,13647,High
16001,2471,Low
15984,1246,High
15986,6657,High
15986,1247,Low
15986,4348,Low
15148,13627,Low
16005,12640,High
16005,12639,Low
16005,13105,Low
15301,8023,Low
15301,1312,High
15985,12642,Low
15985,2175,Medium
15985,6528,Low
16008,214,Medium
16008,221,Low
16008,216,Low
16011,9812,Low
16011,11641,Low
16011,14052,High
16011,223,Low
15982,14002,Low
15982,6783,Low
15982,14600,Low
15993,6303,Low
15993,1801,Low
15993,1429,Low
15990,2354,Low
15991,1503,Low
15991,11464,Medium
15991,12062,Low
16009,12979,Medium
16009,9105,Low
16009,5180,High
15988,3984,Medium
15988,12550,Medium
15988,12982,Medium
15983,9740,Medium
15983,11695,Low
15983,11642,Low
15983,210,Low
15998,668,Low
15998,11286,Medium
15998,11174,Low
15998,3606,Low
15992,3727,Medium
15992,5352,Low
15992,2312,Low
16015,14483,Medium
16015,1539,Medium
16015,14424,Low
16015,6196,Medium
15996,4399,Low
15996,3244,Low
15996,5084,Low
15996,2351,Medium
15996,5085,Low
16006,11396,High
16006,6770,Low
15999,11579,Low
16007,1911,Low
16007,13302,Low
16007,6782,Low
15994,11812,Medium
15994,1641,Low
15994,7091,Medium
16002,13670,High
16014,4359,Medium
16014,14006,Low
16014,12665,High
16013,9870,Low
16013,9623,Medium
16013,2481,Medium
15997,9983,Low
15997,10005,High
15997,6025,Low
16004,8215,Low
16004,8222,Low
16004,435,Low
16018,6665,High
16021,8299,Low
16021,9228,High
16017,6673,High
16025,9236,Medium
16025,11517,Medium
16025,2039,Low
16019,7990,Medium
16019,5294,Low
16019,9311,Medium
16022,1637,Low
16022,3278,Medium
16022,9328,High
16026,14036,Low
16026,5422,Low
16026,1866,Medium
16028,5206,High
16027,5453,High
16027,10444,Medium
16027,5452,Low
16029,1504,Medium
16029,12071,Low
16031,11311,Medium
16031,6322,Low
16031,11516,Medium
16033,8597,Medium
16033,7943,Medium
16030,7943,Medium
16030,8597,Low
16030,1005,High
16035,14031,Medium
16035,11418,Low
16035,6664,High
16034,9322,Low
16034,13381,Low
16036,13295,Medium
16036,6762,Low
16036,13164,Medium
16036,4351,Low
16037,12033,Medium
16037,13362,Medium
16037,12032,Low
16038,786,High
16039,9917,Low
16039,8817,Medium
16039,3567,High
15178,1248,High
15178,3731,Low
15683,11311,Low
15683,11550,Low
15683,9250,Low
15200,14012,High
15345,4770,High
15345,12438,Low
15387,6395,Medium
15387,5183,High
15385,11937,Low
15385,11939,High
15366,3444,High
15482,14422,Medium
15482,6758,Low
15482,13166,Low
15482,13300,Low
15445,10291,Medium
15445,5906,High
15445,9115,Low
15606,3323,Medium
15606,1375,Medium
15606,8303,Low
