product_id,industry_id,exposure_score,rank
0,16494,32,644.0
0,16534,38,497.0
0,16446,26,831.0
0,16236,38,498.0
0,16236,14,1426.0
0,16236,19,1110.0
0,16198,25,871.0
0,16255,39,480.0
0,16159,242,126.0
0,16744,29,725.0
0,16744,28,761.0
0,16159,3,2148.0
0,16572,205,141.0
0,16572,191,146.0
0,16578,103,208.0
0,16040,1,2253.0
0,16040,20,1077.0
0,16694,21,1027.0
0,16044,30,695.0
0,16062,30,696.0
0,16048,39,481.0
0,16049,48,358.0
0,16048,14,1427.0
0,16450,43,409.0
0,16054,1,2254.0
0,16053,103,209.0
0,16054,103,210.0
0,16054,12,1568.0
0,16636,10,1717.0
0,16143,15,1351.0
0,16357,15,1352.0
0,16058,26,832.0
0,16357,21,1028.0
0,16358,23,944.0
0,16058,36,537.0
0,16358,36,538.0
0,16344,40,458.0
0,16343,24,916.0
0,16357,29,726.0
0,16357,20,1078.0
0,16343,18,1171.0
0,16058,5,2045.0
0,16343,5,2046.0
0,16357,5,2047.0
0,16425,18,1172.0
0,16693,18,1173.0
0,16355,11,1634.0
0,16421,25,872.0
0,16425,42,426.0
0,16044,19,1111.0
0,16049,1,2255.0
0,16044,11,1635.0
0,16048,10,1718.0
0,16048,29,727.0
0,16047,26,833.0
0,16043,39,482.0
0,16049,24,917.0
0,16044,1,2256.0
0,16750,18,1174.0
0,16074,26,834.0
0,16076,6,1980.0
0,16073,367,67.0
0,16070,13,1489.0
0,16070,20,1079.0
0,16048,11,1636.0
0,16071,8,1856.0
0,16075,27,792.0
0,16076,27,793.0
0,16094,19,1112.0
0,16470,19,1113.0
0,16094,11,1637.0
0,16076,14,1428.0
0,16159,4,2104.0
0,16075,29,728.0
0,16077,33,615.0
0,16075,41,441.0
0,16383,20,1080.0
0,16075,12,1569.0
0,16075,186,147.0
0,16073,185,148.0
0,16499,339,69.0
0,16075,8,1857.0
0,16159,4,2105.0
0,16159,5,2048.0
0,16159,10,1719.0
0,16497,11,1638.0
0,16159,8,1858.0
0,16497,19,1114.0
0,16669,1,2257.0
0,16669,22,985.0
0,16669,40,459.0
0,16446,26,835.0
0,16119,24,918.0
0,16159,24,919.0
0,16086,12,1570.0
0,16084,156,160.0
0,16086,156,161.0
0,16084,6,1981.0
0,16580,13,1490.0
0,16583,13,1491.0
0,16583,391,58.0
0,16125,389,59.0
0,16130,388,60.0
0,16126,6,1982.0
0,16581,6,1983.0
0,16583,6,1984.0
0,16583,30,697.0
0,16583,11,1639.0
0,16319,5,2049.0
0,16765,29,729.0
0,16372,1,2258.0
0,16373,1,2259.0
0,16223,60,296.0
0,16474,60,297.0
0,16707,1,2260.0
0,16708,1,2261.0
0,16707,1,2262.0
0,16708,3,2149.0
0,16599,11,1640.0
0,16650,6,1985.0
0,16098,23,945.0
0,16325,9,1787.0
0,16155,1,2263.0
0,16599,641,41.0
0,16599,30,698.0
0,16599,16,1297.0
0,16399,7,1922.0
0,16446,29,730.0
0,16340,21,1029.0
0,16450,23,946.0
0,16446,18,1175.0
0,16446,8,1859.0
0,16539,7,1923.0
0,16446,8,1860.0
0,16446,71,270.0
0,16450,70,271.0
0,16450,19,1115.0
0,16227,7,1924.0
0,16194,24,920.0
0,16095,35,559.0
0,16090,6,1986.0
0,16069,8,1861.0
0,16669,31,665.0
0,16099,29,731.0
0,16531,32,645.0
0,16186,33,616.0
0,16438,18,1176.0
0,16449,261,94.0
0,16186,264,89.0
0,16449,19,1116.0
0,16244,34,573.0
0,16666,44,394.0
0,16179,58,299.0
0,16186,58,300.0
0,16386,58,301.0
0,16186,262,93.0
0,16266,7,1925.0
0,16394,7,1926.0
0,16101,63,287.0
0,16200,63,288.0
0,16368,63,289.0
0,16662,27,794.0
0,16186,42,427.0
0,16102,30,699.0
0,16102,15,1353.0
0,16446,19,1117.0
0,16048,35,560.0
0,16319,23,947.0
0,16446,9,1788.0
0,16089,15,1354.0
0,16218,7,1927.0
0,16416,6,1987.0
0,16307,4,2106.0
0,16138,27,795.0
0,16306,27,796.0
0,16648,27,797.0
0,16116,11,1641.0
0,16121,108,199.0
0,16134,22,986.0
0,16515,8,1862.0
0,16319,1,2264.0
0,16323,17,1231.0
0,16712,4,2107.0
0,16396,5,2050.0
0,16730,42,428.0
0,16120,77,257.0
0,16120,29,732.0
0,16121,4,2108.0
0,16121,2,2199.0
0,16213,17,1232.0
0,16215,17,1233.0
0,16214,16,1298.0
0,16740,4,2109.0
0,16210,2,2200.0
0,16212,2,2201.0
0,16211,21,1030.0
0,16213,21,1031.0
0,16210,22,987.0
0,16213,22,988.0
0,16443,15,1355.0
0,16140,16,1299.0
0,16163,16,1300.0
0,16164,16,1301.0
0,16140,14,1429.0
0,16123,7,1928.0
0,16123,18,1177.0
0,16694,9,1789.0
0,16124,11,1642.0
0,16446,20,1081.0
0,16583,23,948.0
0,16126,8,1863.0
0,16604,1,2265.0
0,16117,9,1790.0
0,16167,135,181.0
0,16167,98,215.0
0,16706,13,1492.0
0,16361,18,1178.0
0,16446,34,574.0
0,16446,30,700.0
0,16244,4,2110.0
0,16262,31,666.0
0,16244,108,200.0
0,16107,21,1032.0
0,16244,111,196.0
0,16233,106,201.0
0,16255,106,202.0
0,16244,9,1791.0
0,16244,15,1356.0
0,16744,26,836.0
0,16484,11,1643.0
0,16174,29,733.0
0,16355,14,1430.0
0,16522,25,873.0
0,16522,14,1431.0
0,16194,34,575.0
0,16522,34,576.0
0,16583,16,1302.0
0,16581,24,921.0
0,16599,42,429.0
0,16599,23,949.0
0,16637,6,1988.0
0,16111,129,186.0
0,16088,18,1179.0
0,16090,18,1180.0
0,16116,3,2150.0
0,16117,1,2266.0
0,16118,1,2267.0
0,16117,13,1493.0
0,16117,1,2268.0
0,16306,1,2269.0
0,16171,13,1494.0
0,16651,1,2270.0
0,16085,8,1864.0
0,16085,13,1495.0
0,16159,18,1181.0
0,16774,8,1865.0
0,16424,11,1644.0
0,16187,29,734.0
0,16678,20,1082.0
0,16194,27,798.0
0,16660,12,1571.0
0,16572,3,2151.0
0,16576,2,2202.0
0,16463,3,2152.0
0,16519,3,2153.0
0,16222,38,499.0
0,16159,33,617.0
0,16150,28,762.0
0,16589,27,799.0
0,16588,54,321.0
0,16198,33,618.0
0,16198,56,310.0
0,16586,56,311.0
0,16589,31,667.0
0,16198,32,646.0
0,16104,31,668.0
0,16325,14,1432.0
0,16484,26,837.0
0,16133,10,1720.0
0,16456,5,2051.0
0,16456,4,2111.0
0,16456,2,2203.0
0,16456,3,2154.0
0,16458,6,1989.0
0,16456,11,1645.0
0,16485,16,1303.0
0,16159,5,2052.0
0,16372,30,701.0
0,16041,15,1357.0
0,16446,31,669.0
0,16450,55,315.0
0,16671,5,2053.0
0,16153,2,2204.0
0,16732,6,1990.0
0,16209,7,1929.0
0,16209,4,2112.0
0,16561,25,874.0
0,16559,9,1792.0
0,16078,5,2054.0
0,16078,34,577.0
0,16186,270,84.0
0,16513,270,85.0
0,16522,8,1866.0
0,16713,1,2271.0
0,16159,42,430.0
0,16159,13,1496.0
0,16446,16,1304.0
0,16446,89,232.0
0,16450,89,233.0
0,16450,28,763.0
0,16132,35,561.0
0,16592,10,1721.0
0,16154,84,244.0
0,16188,12,1572.0
0,16135,11,1646.0
0,16632,27,800.0
0,16425,22,989.0
0,16633,22,990.0
0,16446,31,670.0
0,16131,3,2155.0
0,16156,34,578.0
0,16157,34,579.0
0,16139,14,1433.0
0,16139,9,1793.0
0,16639,28,764.0
0,16235,4,2113.0
0,16411,4,2114.0
0,16158,10,1722.0
0,16687,14,1434.0
0,16119,17,1234.0
0,16159,13,1497.0
0,16159,14,1435.0
0,16159,18,1182.0
0,16587,6,1991.0
0,16159,2,2205.0
0,16159,18,1183.0
0,16159,6,1992.0
0,16160,20,1083.0
0,16161,19,1118.0
0,16191,19,1119.0
0,16160,17,1235.0
0,16081,18,1184.0
0,16081,60,298.0
0,16738,12,1573.0
0,16738,14,1436.0
0,16738,5,2055.0
0,16351,11,1647.0
0,16692,26,838.0
0,16693,38,500.0
0,16693,18,1185.0
0,16450,23,950.0
0,16466,14,1437.0
0,16487,16,1305.0
0,16578,1,2272.0
0,16766,12,1574.0
0,16396,5,2056.0
0,16729,3,2156.0
0,16175,7,1930.0
0,16500,9,1794.0
0,16160,29,735.0
0,16234,5,2057.0
0,16123,16,1306.0
0,16169,32,647.0
0,16169,21,1033.0
0,16505,6,1993.0
0,16170,1,2273.0
0,16305,1,2274.0
0,16054,3,2157.0
0,16054,17,1236.0
0,16361,23,951.0
0,16730,37,518.0
0,16175,10,1723.0
0,16730,8,1867.0
0,16175,43,410.0
0,16561,12,1575.0
0,16159,73,266.0
0,16702,73,267.0
0,16599,14,1438.0
0,16774,8,1868.0
0,16446,25,875.0
0,16271,20,1084.0
0,16421,6,1994.0
0,16057,8,1869.0
0,16449,40,460.0
0,16446,1,2275.0
0,16451,27,801.0
0,16185,253,110.0
0,16194,22,991.0
0,16608,1,2276.0
0,16658,7,1931.0
0,16190,16,1307.0
0,16190,15,1358.0
0,16736,2,2206.0
0,16311,1,2277.0
0,16418,1,2278.0
0,16655,36,539.0
0,16529,1,2279.0
0,16704,13,1498.0
0,16727,16,1308.0
0,16468,41,442.0
0,16637,7,1932.0
0,16750,25,876.0
0,16244,42,431.0
0,16240,38,501.0
0,16385,9,1795.0
0,16756,9,1796.0
0,16611,33,619.0
0,16117,16,1309.0
0,16735,20,1085.0
0,16440,33,620.0
0,16204,1,2280.0
0,16205,1,2281.0
0,16203,52,334.0
0,16206,50,345.0
0,16208,1,2282.0
0,16500,8,1870.0
0,16764,7,1933.0
0,16338,11,1648.0
0,16216,17,1237.0
0,16767,3,2158.0
0,16561,7,1934.0
0,16209,4,2115.0
0,16194,18,1186.0
0,16194,21,1034.0
0,16520,52,335.0
0,16217,35,562.0
0,16578,34,580.0
0,16520,27,802.0
0,16217,21,1035.0
0,16758,18,1187.0
0,16758,3,2159.0
0,16679,25,877.0
0,16193,4,2116.0
0,16193,10,1724.0
0,16195,34,581.0
0,16478,24,922.0
0,16446,31,671.0
0,16583,10,1725.0
0,16306,11,1649.0
0,16299,19,1120.0
0,16437,15,1359.0
0,16159,4,2117.0
0,16159,38,502.0
0,16166,28,765.0
0,16185,33,621.0
0,16186,33,622.0
0,16186,257,105.0
0,16227,24,923.0
0,16450,24,924.0
0,16226,18,1188.0
0,16228,16,1310.0
0,16740,19,1121.0
0,16227,34,582.0
0,16226,32,648.0
0,16450,32,649.0
0,16567,26,839.0
0,16583,17,1238.0
0,16179,274,79.0
0,16040,11,1650.0
0,16481,11,1651.0
0,16710,11,1652.0
0,16447,105,206.0
0,16125,20,1086.0
0,16126,13,1499.0
0,16408,13,1500.0
0,16583,13,1501.0
0,16448,109,197.0
0,16446,9,1797.0
0,16366,7,1935.0
0,16446,30,702.0
0,16583,15,1360.0
0,16509,14,1439.0
0,16253,28,766.0
0,16177,44,395.0
0,16184,44,396.0
0,16185,44,397.0
0,16588,45,387.0
0,16669,859,23.0
0,16669,1,2283.0
0,16159,11,1653.0
0,16693,13,1502.0
0,16159,1,2284.0
0,16421,14,1440.0
0,16628,2,2207.0
0,16130,21,1036.0
0,16571,11,1654.0
0,16086,9,1798.0
0,16361,29,736.0
0,16361,20,1087.0
0,16775,30,703.0
0,16475,29,737.0
0,16774,29,738.0
0,16774,91,226.0
0,16072,17,1239.0
0,16076,17,1240.0
0,16459,15,1361.0
0,16599,3,2160.0
0,16292,2,2208.0
0,16117,14,1441.0
0,16583,10,1726.0
0,16523,11,1655.0
0,16612,18,1189.0
0,16111,63,290.0
0,16111,15,1362.0
0,16111,212,140.0
0,16581,14,1442.0
0,16360,33,623.0
0,16645,19,1122.0
0,16322,7,1936.0
0,16244,6,1995.0
0,16244,12,1576.0
0,16608,9,1799.0
0,16644,9,1800.0
0,16438,20,1088.0
0,16410,4,2118.0
0,16102,40,461.0
0,16102,37,519.0
0,16244,34,583.0
0,16370,34,584.0
0,16361,13,1503.0
0,16361,10,1727.0
0,16102,43,411.0
0,16248,23,952.0
0,16660,39,483.0
0,16235,37,520.0
0,16120,25,878.0
0,16239,51,341.0
0,16240,51,342.0
0,16244,51,343.0
0,16102,33,624.0
0,16091,19,1123.0
0,16244,705,36.0
0,16244,22,992.0
0,16244,13,1504.0
0,16244,39,484.0
0,16244,56,312.0
0,16108,5,2058.0
0,16668,124,188.0
0,16246,123,189.0
0,16543,19,1124.0
0,16252,69,272.0
0,16544,69,273.0
0,16244,16,1311.0
0,16198,13,1505.0
0,16446,56,313.0
0,16110,316,70.0
0,16244,316,71.0
0,16244,16,1312.0
0,16244,1085,20.0
0,16244,31,672.0
0,16724,14,1443.0
0,16446,32,650.0
0,16339,16,1313.0
0,16446,6,1996.0
0,16107,46,374.0
0,16253,26,840.0
0,16669,3561,4.0
0,16668,3552,5.0
0,16266,3550,6.0
0,16669,253,111.0
0,16669,13,1506.0
0,16669,217,139.0
0,16669,81,250.0
0,16667,386,61.0
0,16668,386,62.0
0,16669,26,841.0
0,16669,72,269.0
0,16668,291,75.0
0,16668,159,159.0
0,16667,266,87.0
0,16669,266,88.0
0,16664,50,346.0
0,16669,50,347.0
0,16669,7,1937.0
0,16669,1,2285.0
0,16181,259,100.0
0,16252,256,106.0
0,16428,37,521.0
0,16264,39,485.0
0,16449,22,993.0
0,16246,34,585.0
0,16650,5,2059.0
0,16446,31,673.0
0,16450,32,651.0
0,16694,14,1444.0
0,16774,5,2060.0
0,16680,7,1938.0
0,16130,1,2286.0
0,16596,14,1445.0
0,16730,23,953.0
0,16268,18,1190.0
0,16284,12,1577.0
0,16572,2,2209.0
0,16159,11,1656.0
0,16159,134,183.0
0,16230,2,2210.0
0,16572,172,154.0
0,16708,1,2287.0
0,16708,19,1125.0
0,16708,20,1089.0
0,16581,21,1037.0
0,16286,11,1657.0
0,16169,1,2288.0
0,16212,36,540.0
0,16213,36,541.0
0,16214,36,542.0
0,16211,21,1038.0
0,16237,20,1090.0
0,16400,17,1241.0
0,16083,9,1801.0
0,16396,44,398.0
0,16292,15,1363.0
0,16745,11,1658.0
0,16244,18,1191.0
0,16059,21,1039.0
0,16377,21,1040.0
0,16302,39,486.0
0,16377,27,803.0
0,16581,18,1192.0
0,16296,10,1728.0
0,16159,4,2119.0
0,16186,261,95.0
0,16708,20,1091.0
0,16250,1,2289.0
0,16250,9,1802.0
0,16248,15,1364.0
0,16385,1,2290.0
0,16385,91,227.0
0,16397,3,2161.0
0,16519,3,2162.0
0,16398,5,2061.0
0,16669,24,925.0
0,16396,6,1997.0
0,16396,1,2291.0
0,16396,2,2211.0
0,16396,3,2163.0
0,16396,22,994.0
0,16396,8,1871.0
0,16712,6,1998.0
0,16712,3,2164.0
0,16549,13,1507.0
0,16049,859,24.0
0,16225,859,25.0
0,16332,12,1578.0
0,16518,5,2062.0
0,16517,3,2165.0
0,16520,3,2166.0
0,16165,27,804.0
0,16642,6,1999.0
0,16425,22,995.0
0,16159,10,1729.0
0,16561,13,1508.0
0,16561,23,954.0
0,16304,14,1446.0
0,16561,14,1447.0
0,16299,20,1092.0
0,16299,10,1730.0
0,16545,147,165.0
0,16306,145,167.0
0,16309,144,170.0
0,16306,177,151.0
0,16065,175,152.0
0,16068,174,153.0
0,16361,13,1509.0
0,16310,11,1659.0
0,16310,14,1448.0
0,16310,15,1365.0
0,16310,8,1872.0
0,16310,8,1873.0
0,16310,15,1366.0
0,16310,2,2212.0
0,16310,17,1242.0
0,16310,13,1510.0
0,16310,11,1660.0
0,16310,3,2167.0
0,16310,14,1449.0
0,16310,15,1367.0
0,16310,4,2120.0
0,16310,1,2292.0
0,16310,7,1939.0
0,16670,33,625.0
0,16384,34,586.0
0,16529,8,1874.0
0,16361,23,955.0
0,16158,6,2000.0
0,16604,18,1193.0
0,16056,16,1314.0
0,16603,20,1093.0
0,16056,15,1368.0
0,16056,3,2168.0
0,16194,20,1094.0
0,16194,15,1369.0
0,16498,25,879.0
0,16603,20,1095.0
0,16603,18,1194.0
0,16443,5,2063.0
0,16318,23,956.0
0,16317,15,1370.0
0,16318,5,2064.0
0,16122,3,2169.0
0,16322,12,1579.0
0,16322,12,1580.0
0,16315,15,1371.0
0,16322,6,2001.0
0,16324,16,1315.0
0,16631,7,1940.0
0,16111,35,563.0
0,16275,34,587.0
0,16524,34,588.0
0,16762,1,2293.0
0,16159,15,1372.0
0,16569,1,2294.0
0,16570,1,2295.0
0,16325,19,1126.0
0,16244,3,2170.0
0,16288,4,2121.0
0,16257,39,487.0
0,16327,39,488.0
0,16259,263,92.0
0,16322,29,739.0
0,16759,29,740.0
0,16090,5,2065.0
0,16734,8,1875.0
0,16081,38,503.0
0,16091,9,1803.0
0,16522,34,589.0
0,16651,16,1316.0
0,16391,8,1876.0
0,16081,35,564.0
0,16282,34,590.0
0,16283,34,591.0
0,16048,15,1373.0
0,16269,35,565.0
0,16465,14,1450.0
0,16650,140,174.0
0,16575,33,626.0
0,16103,1,2296.0
0,16111,194,145.0
0,16115,18,1195.0
0,16111,49,353.0
0,16103,8,1877.0
0,16445,18,1196.0
0,16445,31,674.0
0,16610,31,675.0
0,16580,6,2002.0
0,16583,31,676.0
0,16608,46,375.0
0,16608,15,1374.0
0,16330,13,1511.0
0,16705,11,1661.0
0,16330,13,1512.0
0,16331,5,2066.0
0,16042,12,1581.0
0,16331,1,2297.0
0,16229,9,1804.0
0,16333,1,2298.0
0,16552,28,767.0
0,16554,21,1041.0
0,16446,38,504.0
0,16159,37,522.0
0,16335,7,1941.0
0,16337,7,1942.0
0,16613,7,1943.0
0,16334,19,1127.0
0,16334,8,1878.0
0,16335,6,2003.0
0,16336,8,1879.0
0,16707,17,1243.0
0,16707,17,1244.0
0,16088,4,2122.0
0,16494,56,314.0
0,16493,38,505.0
0,16717,11,1662.0
0,16195,22,996.0
0,16231,12,1582.0
0,16319,8,1880.0
0,16341,16,1317.0
0,16706,4,2123.0
0,16319,2,2213.0
0,16707,13,1513.0
0,16348,29,741.0
0,16567,29,742.0
0,16740,29,743.0
0,16346,26,842.0
0,16740,27,805.0
0,16159,27,806.0
0,16350,5,2067.0
0,16349,4,2124.0
0,16349,11,1663.0
0,16349,3,2171.0
0,16407,6,2004.0
0,16406,11,1664.0
0,16407,10,1731.0
0,16290,9,1805.0
0,16407,15,1375.0
0,16407,2,2214.0
0,16407,10,1732.0
0,16201,6,2005.0
0,16558,6,2006.0
0,16558,9,1806.0
0,16181,27,807.0
0,16427,31,677.0
0,16099,41,443.0
0,16099,47,362.0
0,16446,28,768.0
0,16061,13,1514.0
0,16280,13,1515.0
0,16354,13,1516.0
0,16344,30,704.0
0,16739,41,444.0
0,16709,1,2299.0
0,16043,17,1245.0
0,16044,50,348.0
0,16583,12,1583.0
0,16509,3,2172.0
0,16051,8,1881.0
0,16569,14,1451.0
0,16569,34,592.0
0,16570,34,593.0
0,16581,508,46.0
0,16583,10,1733.0
0,16446,41,445.0
0,16379,7,1944.0
0,16637,9,1807.0
0,16291,9,1808.0
0,16580,19,1128.0
0,16581,7,1945.0
0,16583,5,2068.0
0,16580,1,2300.0
0,16583,1,2301.0
0,16580,20,1096.0
0,16582,24,926.0
0,16580,12,1584.0
0,16396,1,2302.0
0,16685,12,1585.0
0,16599,16,1318.0
0,16361,25,880.0
0,16361,18,1197.0
0,16583,19,1129.0
0,16583,34,594.0
0,16583,17,1246.0
0,16583,13,1517.0
0,16362,94,223.0
0,16631,94,224.0
0,16302,28,769.0
0,16372,1,2303.0
0,16373,1,2304.0
0,16364,25,881.0
0,16650,17,1247.0
0,16365,30,705.0
0,16111,9,1809.0
0,16244,28,770.0
0,16681,18,1198.0
0,16681,1,2305.0
0,16681,15,1376.0
0,16583,15,1377.0
0,16583,19,1130.0
0,16583,6,2007.0
0,16580,5,2069.0
0,16581,5,2070.0
0,16583,1,2306.0
0,16366,13,1518.0
0,16583,13,1519.0
0,16130,18,1199.0
0,16583,14,1452.0
0,16583,12,1586.0
0,16446,37,523.0
0,16446,41,446.0
0,16446,53,331.0
0,16100,40,462.0
0,16107,17,1248.0
0,16044,26,843.0
0,16367,103,211.0
0,16281,16,1319.0
0,16734,18,1200.0
0,16159,19,1131.0
0,16761,28,771.0
0,16159,16,1320.0
0,16374,9,1810.0
0,16525,25,882.0
0,16377,15,1378.0
0,16377,28,772.0
0,16173,32,652.0
0,16307,17,1249.0
0,16165,32,653.0
0,16756,1,2307.0
0,16757,1,2308.0
0,16707,1,2309.0
0,16133,21,1042.0
0,16133,18,1201.0
0,16450,27,808.0
0,16599,26,844.0
0,16600,14,1453.0
0,16186,25,883.0
0,16181,23,957.0
0,16569,15,1379.0
0,16051,14,1454.0
0,16570,14,1455.0
0,16169,24,927.0
0,16169,14,1456.0
0,16080,31,678.0
0,16383,30,706.0
0,16245,8,1882.0
0,16261,8,1883.0
0,16389,58,302.0
0,16375,57,307.0
0,16393,57,308.0
0,16081,45,388.0
0,16662,22,997.0
0,16663,22,998.0
0,16665,21,1043.0
0,16081,17,1250.0
0,16382,17,1251.0
0,16440,17,1252.0
0,16626,34,595.0
0,16081,22,999.0
0,16081,29,744.0
0,16446,48,359.0
0,16450,30,707.0
0,16081,622,42.0
0,16079,612,43.0
0,16446,612,44.0
0,16080,57,309.0
0,16080,23,958.0
0,16081,38,506.0
0,16081,30,708.0
0,16547,33,627.0
0,16450,39,489.0
0,16450,2,2215.0
0,16450,44,399.0
0,16446,403,52.0
0,16447,403,53.0
0,16450,403,54.0
0,16446,81,251.0
0,16450,81,252.0
0,16446,26,845.0
0,16724,1,2310.0
0,16353,14,1457.0
0,16394,27,809.0
0,16441,19,1132.0
0,16662,38,507.0
0,16392,8,1884.0
0,16394,8,1885.0
0,16081,3,2173.0
0,16407,11,1665.0
0,16479,19,1133.0
0,16244,164,157.0
0,16262,4,2125.0
0,16244,3,2174.0
0,16772,22,1000.0
0,16772,9,1811.0
0,16244,13,1520.0
0,16244,6,2008.0
0,16244,16,1321.0
0,16770,17,1253.0
0,16244,452,48.0
0,16772,452,49.0
0,16244,76,261.0
0,16333,17,1254.0
0,16248,9,1812.0
0,16446,46,376.0
0,16446,38,508.0
0,16486,4,2126.0
0,16669,250,119.0
0,16669,39,490.0
0,16669,15,1380.0
0,16669,26,846.0
0,16669,24,928.0
0,16669,33,628.0
0,16669,25,884.0
0,16667,6,2009.0
0,16667,7,1946.0
0,16186,250,120.0
0,16220,11,1666.0
0,16529,16,1322.0
0,16450,27,810.0
0,16544,51,344.0
14832,16724,24,1.0
0,16712,2,2216.0
0,16287,10,1734.0
0,16159,68,277.0
0,16303,17,1255.0
0,16669,16,1323.0
0,16450,42,432.0
0,16438,31,679.0
0,16322,8,1886.0
0,16399,13,1521.0
0,16399,5,2071.0
0,16399,10,1735.0
0,16163,102,212.0
0,16164,102,213.0
0,16306,15,1381.0
0,16089,14,1458.0
0,16219,8,1887.0
0,16555,1,2311.0
0,16408,19,1134.0
0,16279,15,1382.0
0,16640,23,959.0
0,16534,6,2010.0
0,16668,6,2011.0
0,16404,42,433.0
0,16531,47,363.0
0,16531,37,524.0
0,16535,47,364.0
0,16405,22,1001.0
0,16120,13,1522.0
0,16412,49,354.0
0,16759,24,929.0
0,16162,1,2312.0
0,16323,1,2313.0
0,16533,202,143.0
0,16531,28,773.0
0,16535,28,774.0
0,16438,28,775.0
0,16268,29,745.0
0,16438,29,746.0
0,16576,372,63.0
0,16575,368,65.0
0,16578,366,68.0
0,16577,29,747.0
0,16577,34,596.0
0,16576,1,2314.0
0,16410,25,885.0
0,16410,12,1587.0
0,16193,11,1667.0
0,16583,7,1947.0
0,16212,1,2315.0
0,16576,52,336.0
0,16579,52,337.0
0,16490,19,1135.0
0,16672,17,1256.0
0,16520,34,597.0
0,16578,34,598.0
0,16579,32,654.0
0,16492,2,2217.0
0,16576,2,2218.0
0,16579,2,2219.0
0,16231,16,1324.0
0,16394,22,1002.0
0,16633,1,2316.0
0,16159,254,109.0
0,16159,233,133.0
0,16120,40,463.0
0,16120,464,47.0
0,16120,27,811.0
0,16506,17,1257.0
0,16506,1,2317.0
0,16762,1,2318.0
0,16415,5,2072.0
0,16574,12,1588.0
0,16574,5,2073.0
0,16159,21,1044.0
0,16774,4,2127.0
0,16417,2,2220.0
0,16654,1,2319.0
0,16654,4,2128.0
0,16446,37,525.0
0,16766,18,1202.0
0,16556,19,1136.0
0,16377,35,566.0
0,16377,24,930.0
0,16629,22,1003.0
0,16478,19,1137.0
0,16522,13,1523.0
0,16308,1,2320.0
0,16377,8,1888.0
0,16129,13,1524.0
0,16377,14,1459.0
0,16359,1,2321.0
0,16377,26,847.0
0,16378,24,931.0
0,16766,15,1383.0
0,16665,1783,12.0
0,16662,1781,13.0
0,16663,1780,14.0
0,16724,1,2322.0
0,16328,32,655.0
0,16377,32,656.0
0,16377,44,400.0
0,16523,44,401.0
0,16663,30,709.0
0,16522,34,599.0
0,16421,41,447.0
0,16729,6,2012.0
0,16175,39,491.0
0,16730,39,492.0
0,16729,37,526.0
0,16730,47,365.0
0,16175,42,434.0
0,16730,80,255.0
0,16729,29,748.0
0,16186,23,960.0
0,16734,17,1258.0
0,16734,10,1736.0
0,16159,3,2175.0
0,16449,41,448.0
0,16450,35,567.0
0,16669,17,1259.0
0,16338,13,1525.0
0,16710,1,2323.0
0,16162,19,1138.0
0,16319,10,1737.0
0,16494,42,435.0
0,16081,22,1004.0
0,16325,29,749.0
0,16439,29,750.0
0,16439,19,1139.0
0,16439,10,1738.0
0,16439,16,1325.0
0,16306,30,710.0
0,16509,28,776.0
0,16081,44,402.0
0,16260,139,175.0
0,16352,139,176.0
0,16614,139,177.0
0,16260,27,812.0
0,16390,27,813.0
0,16392,27,814.0
0,16080,45,389.0
0,16731,36,543.0
0,16087,19,1140.0
0,16306,21,1045.0
0,16377,31,680.0
0,16194,11,1668.0
0,16194,20,1097.0
0,16450,47,366.0
0,16449,43,412.0
0,16724,41,449.0
0,16450,132,184.0
0,16446,129,187.0
0,16450,32,657.0
0,16447,26,848.0
0,16446,15,1384.0
0,16450,7,1948.0
0,16724,9,1813.0
0,16446,23,961.0
0,16380,7,1949.0
0,16580,47,367.0
0,16581,47,368.0
0,16581,86,236.0
0,16583,86,237.0
0,16580,82,249.0
0,16580,21,1046.0
0,16581,12,1589.0
0,16583,24,932.0
0,16580,18,1203.0
0,16581,16,1326.0
0,16583,15,1385.0
0,16581,13,1526.0
0,16580,9,1814.0
0,16581,16,1327.0
0,16583,29,751.0
0,16582,6,2013.0
0,16583,18,1204.0
0,16580,21,1047.0
0,16583,29,752.0
0,16583,17,1260.0
0,16581,25,886.0
0,16580,22,1005.0
0,16583,22,1006.0
0,16580,23,962.0
0,16584,12,1590.0
0,16584,11,1669.0
0,16583,6,2014.0
0,16581,14,1460.0
0,16581,2,2221.0
0,16580,20,1098.0
0,16581,18,1205.0
0,16580,10,1739.0
0,16641,10,1740.0
0,16669,733,35.0
0,16667,27,815.0
0,16669,20,1099.0
0,16669,4,2129.0
0,16669,11,1670.0
0,16090,11,1671.0
0,16090,11,1672.0
0,16090,13,1527.0
0,16090,12,1591.0
0,16090,9,1815.0
0,16090,11,1673.0
0,16090,12,1592.0
0,16090,12,1593.0
0,16454,10,1741.0
0,16090,6,2015.0
0,16090,13,1528.0
0,16090,8,1889.0
0,16089,10,1742.0
0,16090,9,1816.0
0,16090,13,1529.0
0,16090,6,2016.0
0,16090,13,1530.0
0,16090,6,2017.0
0,16090,16,1328.0
0,16090,11,1674.0
0,16090,16,1329.0
0,16145,7,1950.0
0,16325,31,681.0
0,16325,7,1951.0
0,16325,1,2324.0
0,16137,8,1890.0
0,16325,13,1531.0
0,16325,13,1532.0
0,16471,11,1675.0
0,16455,7,1952.0
0,16460,5,2074.0
0,16081,241,127.0
0,16669,31,682.0
0,16473,30,711.0
0,16081,14,1461.0
0,16049,22,1007.0
0,16223,21,1048.0
0,16222,105,207.0
0,16222,6,2018.0
0,16136,5,2075.0
0,16136,18,1206.0
0,16292,7,1953.0
0,16292,1,2325.0
0,16292,11,1676.0
0,16638,1,2326.0
0,16694,5,2076.0
0,16476,1,2327.0
0,16144,40,464.0
0,16146,40,465.0
0,16706,15,1386.0
0,16377,2,2222.0
0,16480,2,2223.0
0,16314,142,171.0
0,16298,1,2328.0
0,16298,23,963.0
0,16706,8,1891.0
0,16194,25,887.0
0,16423,17,1261.0
0,16730,54,322.0
0,16194,30,712.0
0,16175,31,683.0
0,16175,50,349.0
0,16159,12,1594.0
0,16386,36,544.0
0,16253,33,629.0
0,16186,24,933.0
0,16128,1,2329.0
0,16583,1,2330.0
0,16583,19,1141.0
0,16669,13,1533.0
0,16752,32,658.0
0,16752,15,1387.0
0,16409,30,713.0
0,16109,30,714.0
0,16109,20,1100.0
0,16148,20,1101.0
0,16483,35,568.0
0,16102,36,545.0
0,16102,23,964.0
0,16133,22,1008.0
0,16133,29,753.0
0,16488,9,1817.0
0,16488,17,1262.0
0,16488,19,1142.0
0,16488,25,888.0
0,16485,26,849.0
0,16093,9,1818.0
0,16405,11,1677.0
0,16332,17,1263.0
0,16490,46,377.0
0,16520,44,403.0
0,16579,38,509.0
0,16520,87,235.0
0,16491,14,1462.0
0,16490,9,1819.0
0,16490,100,214.0
0,16491,18,1207.0
0,16494,29,754.0
0,16494,36,546.0
0,16450,12,1595.0
0,16446,1,2331.0
0,16446,240,128.0
0,16450,240,129.0
0,16724,240,130.0
0,16446,17,1264.0
0,16730,25,889.0
0,16186,48,360.0
0,16175,37,527.0
0,16180,43,413.0
0,16495,43,414.0
0,16175,69,274.0
0,16186,69,275.0
0,16496,39,493.0
0,16186,302,72.0
0,16496,302,73.0
0,16221,258,103.0
0,16186,38,510.0
0,16186,37,528.0
0,16450,236,132.0
0,16446,238,131.0
0,16048,27,816.0
0,16737,21,1049.0
0,16737,10,1743.0
0,16737,12,1596.0
0,16499,12,1597.0
0,16499,11,1678.0
0,16499,5,2077.0
0,16500,22,1009.0
0,16048,7,1954.0
0,16120,10,1744.0
0,16373,1,2332.0
0,16694,15,1388.0
0,16123,27,817.0
0,16694,27,818.0
0,16450,16,1330.0
0,16159,9,1820.0
0,16260,45,390.0
0,16351,10,1745.0
0,16395,12,1598.0
0,16502,22,1010.0
0,16516,6,2019.0
0,16558,15,1389.0
0,16503,1,2333.0
0,16583,202,144.0
0,16585,77,258.0
0,16306,12,1599.0
0,16509,12,1600.0
0,16596,9,1821.0
0,16514,36,547.0
0,16512,8,1892.0
0,16522,19,1143.0
0,16519,11,1679.0
0,16486,81,253.0
0,16673,21,1050.0
0,16675,21,1051.0
0,16676,21,1052.0
0,16130,15,1390.0
0,16583,25,890.0
0,16531,21,1053.0
0,16531,28,777.0
0,16531,13,1534.0
0,16293,106,203.0
0,16295,106,204.0
0,16772,106,205.0
0,16293,38,511.0
0,16728,8,1893.0
0,16293,43,415.0
0,16532,21,1054.0
0,16368,40,466.0
0,16530,40,467.0
0,16662,20,1102.0
0,16695,26,850.0
0,16183,17,1265.0
0,16293,27,819.0
0,16662,36,548.0
0,16294,34,600.0
0,16740,25,891.0
0,16159,222,136.0
0,16554,221,137.0
0,16703,14,1463.0
0,16248,11,1680.0
0,16691,77,259.0
0,16278,10,1746.0
0,16227,17,1266.0
0,16227,25,892.0
0,16446,28,778.0
0,16540,28,779.0
0,16447,26,851.0
0,16446,91,228.0
0,16447,85,238.0
0,16450,85,239.0
0,16724,17,1267.0
0,16120,18,1208.0
0,16054,13,1535.0
0,16396,1,2334.0
0,16078,22,1011.0
0,16771,42,436.0
0,16370,10,1747.0
0,16446,46,378.0
0,16446,29,755.0
0,16450,9,1822.0
0,16707,22,1012.0
0,16147,26,852.0
0,16287,840,27.0
0,16460,839,28.0
0,16472,839,29.0
0,16599,1136,18.0
0,16595,1133,19.0
0,16550,229,134.0
0,16594,229,135.0
0,16176,8,1894.0
0,16558,5,2078.0
0,16500,5,2079.0
0,16650,7,1955.0
0,16089,12,1601.0
0,16396,9,1823.0
0,16396,15,1391.0
0,16128,13,1536.0
0,16522,18,1209.0
0,16153,6,2020.0
0,16716,4,2130.0
0,16167,2,2224.0
0,16167,1,2335.0
0,16174,279,76.0
0,16730,279,77.0
0,16438,19,1144.0
0,16121,9,1824.0
0,16186,260,97.0
0,16501,31,684.0
0,16248,46,379.0
0,16324,33,630.0
0,16446,33,631.0
0,16247,10,1748.0
0,16248,10,1749.0
0,16450,58,303.0
0,16669,36,549.0
0,16668,31,685.0
0,16140,4,2131.0
0,16425,22,1013.0
0,16684,17,1268.0
0,16545,1,2336.0
0,16325,12,1602.0
0,16092,260,98.0
0,16127,19,1145.0
0,16734,14,1464.0
0,16541,1,2337.0
0,16264,40,468.0
0,16666,40,469.0
0,16081,13,1537.0
0,16433,22,1014.0
0,16730,48,361.0
0,16446,34,601.0
0,16450,29,756.0
0,16446,16,1331.0
0,16414,5,2080.0
0,16377,26,853.0
0,16522,74,264.0
0,16377,73,268.0
0,16665,23,965.0
0,16489,19,1146.0
0,16738,5,2081.0
0,16738,2,2225.0
0,16440,25,893.0
0,16435,21,1055.0
0,16614,4,2132.0
0,16450,28,780.0
0,16580,23,966.0
0,16583,23,967.0
0,16325,5,2082.0
0,16461,4,2133.0
0,16194,22,1015.0
0,16109,29,757.0
0,16694,1,2338.0
0,16694,26,854.0
0,16687,11,1681.0
0,16511,256,107.0
0,16338,3,2176.0
0,16446,25,894.0
0,16446,28,781.0
0,16446,27,820.0
0,16446,25,895.0
0,16539,25,896.0
0,16552,44,404.0
0,16560,4,2134.0
0,16064,12,1603.0
0,16044,23,968.0
0,16049,23,969.0
0,16740,14,1465.0
0,16051,21,1056.0
0,16575,1,2339.0
0,16577,1,2340.0
0,16597,23,970.0
0,16625,26,855.0
0,16625,9,1825.0
0,16632,23,971.0
0,16632,11,1682.0
0,16194,12,1604.0
0,16707,18,1210.0
0,16723,2,2226.0
0,16755,15,1392.0
0,16175,41,450.0
0,16730,41,451.0
0,16175,54,323.0
0,16446,30,715.0
0,16612,14,1466.0
0,16384,21,1057.0
0,16463,1,2341.0
0,16522,4,2135.0
0,16464,3,2177.0
0,16712,9,1826.0
0,16713,3,2178.0
0,16755,11,1683.0
0,16133,10,1750.0
0,16519,14,1467.0
0,16522,16,1332.0
0,16765,17,1269.0
0,16729,43,416.0
0,16325,34,602.0
0,16546,34,603.0
0,16713,9,1827.0
0,16580,26,856.0
0,16372,1,2342.0
0,16373,1,2343.0
0,16414,4,2136.0
0,16246,15,1393.0
0,16554,31,686.0
0,16553,19,1147.0
0,16552,27,821.0
0,16552,15,1394.0
0,16552,24,934.0
0,16552,7,1956.0
0,16561,5,2083.0
0,16557,6,2021.0
0,16557,4,2137.0
0,16168,8,1895.0
0,16563,14,1468.0
0,16168,5,2084.0
0,16558,19,1148.0
0,16544,24,935.0
0,16663,25,897.0
0,16369,2,2227.0
0,16389,2,2228.0
0,16615,41,452.0
0,16535,38,512.0
0,16494,50,350.0
0,16661,17,1270.0
0,16432,31,687.0
0,16390,26,857.0
0,16446,33,632.0
0,16111,46,380.0
0,16486,46,381.0
0,16494,17,1271.0
0,16227,12,1605.0
0,16252,43,417.0
0,16186,91,229.0
0,16262,91,230.0
0,16667,91,231.0
0,16186,24,936.0
0,16111,43,418.0
0,16111,10,1751.0
0,16111,1,2344.0
0,16486,1,2345.0
0,16111,67,279.0
0,16103,66,283.0
0,16486,66,284.0
0,16186,2733,7.0
0,16252,2732,8.0
0,16262,2732,9.0
0,16186,13,1538.0
0,16419,3,2179.0
0,16662,3,2180.0
0,16665,33,633.0
0,16181,141,172.0
0,16111,369,64.0
0,16106,368,66.0
0,16488,10,1752.0
0,16542,10,1753.0
0,16623,10,1754.0
0,16684,5,2085.0
0,16186,6722,1.0
0,16182,6721,2.0
0,16185,6721,3.0
0,16111,64,286.0
0,16486,10,1755.0
0,16053,30,716.0
0,16345,12,1606.0
0,16631,20,1103.0
0,16377,23,972.0
0,16522,25,898.0
0,16521,24,937.0
0,16525,24,938.0
0,16522,8,1896.0
0,16524,7,1957.0
0,16522,20,1104.0
0,16524,20,1105.0
0,16244,1,2346.0
0,16244,10,1756.0
0,16749,17,1272.0
0,16522,10,1757.0
0,16421,1,2347.0
0,16503,11,1684.0
0,16248,22,1016.0
0,16730,41,453.0
0,16386,9,1828.0
0,16730,38,513.0
0,16728,37,529.0
0,16174,44,405.0
0,16248,58,304.0
0,16250,58,305.0
0,16046,11,1685.0
0,16063,11,1686.0
0,16143,85,240.0
0,16343,85,241.0
0,16356,85,242.0
0,16343,22,1017.0
0,16060,30,717.0
0,16057,2,2229.0
0,16522,14,1469.0
0,16048,30,718.0
0,16049,30,719.0
0,16044,12,1607.0
0,16048,41,454.0
0,16048,84,245.0
0,16044,83,246.0
0,16048,18,1211.0
0,16766,11,1687.0
0,16238,264,90.0
0,16270,264,91.0
0,16244,11,1688.0
0,16048,17,1273.0
0,16049,21,1058.0
0,16425,1,2348.0
0,16377,20,1106.0
0,16165,29,758.0
0,16325,74,265.0
0,16048,36,550.0
0,16301,1,2349.0
0,16377,15,1395.0
0,16268,4,2138.0
0,16526,10,1758.0
0,16371,6,2022.0
0,16522,54,324.0
0,16377,53,332.0
0,16662,53,333.0
0,16538,29,759.0
0,16632,13,1539.0
0,16636,7,1958.0
0,16637,25,899.0
0,16114,95,221.0
0,16326,95,222.0
0,16048,35,569.0
0,16730,6,2023.0
0,16730,6,2024.0
0,16103,40,470.0
0,16048,114,195.0
0,16754,14,1470.0
0,16376,18,1212.0
0,16602,2,2230.0
0,16244,435,50.0
0,16486,435,51.0
0,16271,5,2086.0
0,16273,5,2087.0
0,16111,9,1829.0
0,16255,25,900.0
0,16669,46,382.0
0,16111,146,166.0
0,16272,145,168.0
0,16276,145,169.0
0,16275,5,2088.0
0,16377,11,1689.0
0,16194,135,182.0
0,16244,273,82.0
0,16768,16,1333.0
0,16244,6,2025.0
0,16274,14,1471.0
0,16249,1,2350.0
0,16242,33,634.0
0,16479,6,2026.0
0,16102,26,858.0
0,16102,36,551.0
0,16102,18,1213.0
0,16306,5,2089.0
0,16306,12,1608.0
0,16246,67,280.0
0,16446,67,281.0
0,16578,31,688.0
0,16194,21,1059.0
0,16195,17,1274.0
0,16196,1,2351.0
0,16581,21,1060.0
0,16759,1,2352.0
0,16759,7,1959.0
0,16627,4,2139.0
0,16564,21,1061.0
0,16312,1,2353.0
0,16313,1,2354.0
0,16740,42,437.0
0,16564,40,471.0
0,16742,40,472.0
0,16571,21,1062.0
0,16578,139,178.0
0,16096,138,179.0
0,16097,138,180.0
0,16520,49,355.0
0,16576,49,356.0
0,16520,65,285.0
0,16576,61,294.0
0,16575,665,39.0
0,16576,665,40.0
0,16575,19,1149.0
0,16576,19,1150.0
0,16217,789,32.0
0,16520,789,33.0
0,16576,788,34.0
0,16576,154,162.0
0,16491,151,163.0
0,16520,151,164.0
0,16576,32,659.0
0,16576,1,2355.0
0,16574,1,2356.0
0,16580,15,1396.0
0,16580,2,2231.0
0,16583,2,2232.0
0,16583,13,1540.0
0,16583,19,1151.0
0,16583,19,1152.0
0,16583,15,1397.0
0,16581,18,1214.0
0,16589,7,1960.0
0,16589,17,1275.0
0,16453,1,2357.0
0,16589,16,1334.0
0,16664,34,604.0
0,16669,37,530.0
0,16668,83,247.0
0,16697,83,248.0
0,16669,1,2358.0
0,16590,11,1690.0
0,16319,9,1830.0
0,16323,9,1831.0
0,16397,13,1541.0
0,16507,6,2027.0
0,16306,18,1215.0
0,16306,15,1398.0
0,16342,2,2233.0
0,16434,54,325.0
0,16599,28,782.0
0,16593,11,1691.0
0,16599,15,1399.0
0,16594,14,1472.0
0,16599,28,783.0
0,16597,26,859.0
0,16599,1,2359.0
0,16599,22,1018.0
0,16599,15,1400.0
0,16593,10,1759.0
0,16599,10,1760.0
0,16594,34,605.0
0,16599,23,973.0
0,16599,11,1692.0
0,16599,16,1335.0
0,16591,2,2234.0
0,16599,14,1473.0
0,16516,19,1153.0
0,16599,14,1474.0
0,16651,19,1154.0
0,16597,14,1475.0
0,16599,11,1693.0
0,16599,11,1694.0
0,16599,15,1401.0
0,16599,1,2360.0
0,16595,1,2361.0
0,16595,11,1695.0
0,16042,19,1155.0
0,16599,19,1156.0
0,16220,8,1897.0
0,16337,1,2362.0
0,16744,4,2140.0
0,16052,9,1832.0
0,16601,9,1833.0
0,16232,9,1834.0
0,16760,3,2181.0
0,16760,141,173.0
0,16186,255,108.0
0,16252,45,391.0
0,16186,261,96.0
0,16252,259,101.0
0,16186,41,455.0
0,16429,41,456.0
0,16186,54,326.0
0,16596,6,2028.0
0,16596,52,338.0
0,16596,36,552.0
0,16572,46,383.0
0,16595,121,190.0
0,16596,121,191.0
0,16596,2,2235.0
0,16596,25,901.0
0,16596,45,392.0
0,16596,6,2029.0
0,16596,121,192.0
0,16596,7,1961.0
0,16596,17,1276.0
0,16443,2,2236.0
0,16186,10,1761.0
0,16185,7,1962.0
0,16263,7,1963.0
0,16386,268,86.0
0,16186,1,2363.0
0,16186,43,419.0
0,16387,38,514.0
0,16186,296,74.0
0,16179,252,113.0
0,16179,274,80.0
0,16386,274,81.0
0,16186,819,31.0
0,16186,250,121.0
0,16154,18,1216.0
0,16155,15,1402.0
0,16292,16,1336.0
0,16050,1,2364.0
0,16687,15,1403.0
0,16320,19,1157.0
0,16322,10,1762.0
0,16243,31,689.0
0,16669,36,553.0
0,16607,23,974.0
0,16611,43,420.0
0,16215,23,975.0
0,16614,18,1217.0
0,16423,8,1898.0
0,16646,8,1899.0
0,16422,6,2030.0
0,16143,18,1218.0
0,16189,1,2365.0
0,16734,17,1277.0
0,16347,12,1609.0
0,16566,12,1610.0
0,16084,36,554.0
0,16159,1,2366.0
0,16067,14,1476.0
0,16139,12,1611.0
0,16139,8,1900.0
0,16139,10,1763.0
0,16139,15,1404.0
0,16040,3,2182.0
0,16087,15,1405.0
0,16306,15,1406.0
0,16444,15,1407.0
0,16306,17,1278.0
0,16603,17,1279.0
0,16657,3,2183.0
0,16444,17,1280.0
0,16306,25,902.0
0,16444,19,1158.0
0,16087,12,1612.0
0,16306,10,1764.0
0,16087,12,1613.0
0,16082,32,660.0
0,16321,1,2367.0
0,16306,8,1901.0
0,16306,13,1542.0
0,16306,12,1614.0
0,16045,11,1696.0
0,16248,28,784.0
0,16687,22,1019.0
0,16120,5,2090.0
0,16625,1,2368.0
0,16625,1,2369.0
0,16625,2,2237.0
0,16172,1,2370.0
0,16625,16,1337.0
0,16251,1495,15.0
0,16621,1495,16.0
0,16622,1495,17.0
0,16172,11,1697.0
0,16625,25,903.0
0,16181,32,661.0
0,16623,39,494.0
0,16222,8,1902.0
0,16320,16,1338.0
0,16186,7,1964.0
0,16186,253,112.0
0,16186,833,30.0
0,16186,33,635.0
0,16668,33,636.0
0,16178,5,2091.0
0,16387,5,2092.0
0,16669,96,220.0
0,16668,94,225.0
0,16669,862,22.0
0,16668,858,26.0
0,16363,11,1698.0
0,16554,33,637.0
0,16669,28,785.0
0,16572,203,142.0
0,16572,3,2184.0
0,16576,3,2185.0
0,16049,16,1339.0
0,16596,1,2371.0
0,16651,20,1107.0
0,16509,23,976.0
0,16687,23,977.0
0,16306,97,218.0
0,16123,25,904.0
0,16509,23,978.0
0,16438,11,1699.0
0,16446,39,495.0
0,16446,52,339.0
0,16632,17,1281.0
0,16302,2,2238.0
0,16430,18,1219.0
0,16634,34,606.0
0,16413,15,1408.0
0,16049,39,496.0
0,16049,9,1835.0
0,16224,8,1903.0
0,16049,41,457.0
0,16267,34,607.0
0,16486,21,1063.0
0,16635,47,369.0
0,16635,23,979.0
0,16494,43,421.0
0,16049,42,438.0
0,16175,35,570.0
0,16583,3,2186.0
0,16583,6,2031.0
0,16637,21,1064.0
0,16637,17,1282.0
0,16637,18,1220.0
0,16636,11,1700.0
0,16638,1,2372.0
0,16219,10,1765.0
0,16130,13,1543.0
0,16366,14,1477.0
0,16111,19,1159.0
0,16198,1,2373.0
0,16199,27,822.0
0,16100,34,608.0
0,16484,22,1020.0
0,16450,25,905.0
0,16515,7,1965.0
0,16711,1,2374.0
0,16640,14,1478.0
0,16450,19,1160.0
0,16450,24,939.0
0,16450,46,384.0
0,16647,24,940.0
0,16664,28,786.0
0,16297,12,1615.0
0,16684,12,1616.0
0,16669,49,357.0
0,16216,1,2375.0
0,16105,3,2187.0
0,16752,3,2188.0
0,16111,132,185.0
0,16111,85,243.0
0,16111,14,1479.0
0,16361,54,327.0
0,16361,245,124.0
0,16139,8,1904.0
0,16496,47,370.0
0,16729,43,422.0
0,16730,43,423.0
0,16650,9,1836.0
0,16231,10,1766.0
0,16568,13,1544.0
0,16112,12,1617.0
0,16133,12,1618.0
0,16652,2,2239.0
0,16193,26,860.0
0,16522,27,823.0
0,16450,13,1545.0
0,16558,20,1108.0
0,16653,6,2032.0
0,16565,10,1767.0
0,16601,10,1768.0
0,16467,9,1837.0
0,16730,32,662.0
0,16730,27,824.0
0,16159,6,2033.0
0,16306,44,406.0
0,16658,68,278.0
0,16306,13,1546.0
0,16545,13,1547.0
0,16551,13,1548.0
0,16658,19,1161.0
0,16087,9,1838.0
0,16442,9,1839.0
0,16306,13,1549.0
0,16087,8,1905.0
0,16619,25,906.0
0,16442,16,1340.0
0,16194,6,2034.0
0,16656,1,2376.0
0,16351,78,256.0
0,16325,19,1162.0
0,16113,28,787.0
0,16114,27,825.0
0,16325,8,1906.0
0,16325,13,1550.0
0,16325,11,1701.0
0,16325,1,2377.0
0,16659,42,439.0
0,16055,11,1702.0
0,16055,9,1840.0
0,16054,28,788.0
0,16403,15,1409.0
0,16194,19,1163.0
0,16194,15,1410.0
0,16194,27,826.0
0,16194,17,1283.0
0,16384,43,424.0
0,16396,4,2141.0
0,16396,998,21.0
0,16396,1,2378.0
0,16669,244,125.0
0,16669,67,282.0
0,16669,31,690.0
0,16669,28,789.0
0,16668,40,473.0
0,16348,17,1284.0
0,16567,17,1285.0
0,16740,17,1286.0
0,16507,14,1480.0
0,16159,18,1221.0
0,16159,9,1841.0
0,16381,88,234.0
0,16159,562,45.0
0,16337,1,2379.0
0,16683,1,2380.0
0,16613,1,2381.0
0,16682,11,1703.0
0,16683,9,1842.0
0,16707,12,1619.0
0,16310,10,1769.0
0,16567,18,1222.0
0,16215,15,1411.0
0,16707,15,1412.0
0,16413,1,2382.0
0,16257,1,2383.0
0,16244,36,555.0
0,16624,45,393.0
0,16411,46,385.0
0,16175,30,720.0
0,16738,19,1164.0
0,16750,24,941.0
0,16486,26,861.0
0,16688,5,2093.0
0,16689,22,1021.0
0,16690,8,1907.0
0,16689,13,1551.0
0,16159,2,2240.0
0,16697,8,1908.0
0,16696,37,531.0
0,16698,17,1287.0
0,16669,26,862.0
0,16183,50,351.0
0,16699,22,1022.0
0,16700,98,216.0
0,16338,252,114.0
0,16528,252,115.0
0,16527,36,556.0
0,16701,34,609.0
0,16048,36,557.0
0,16048,7,1966.0
0,16485,1,2384.0
0,16485,33,638.0
0,16102,32,663.0
0,16529,1,2385.0
0,16529,9,1843.0
0,16529,10,1770.0
0,16079,3,2189.0
0,16081,3,2190.0
0,16081,40,474.0
0,16494,21,1065.0
0,16231,16,1341.0
0,16708,15,1413.0
0,16297,14,1481.0
0,16310,9,1844.0
0,16310,17,1288.0
0,16310,14,1482.0
0,16310,9,1845.0
0,16310,16,1342.0
0,16310,21,1066.0
0,16377,35,571.0
0,16548,26,863.0
0,16712,1,2386.0
0,16714,1,2387.0
0,16469,120,193.0
0,16462,2,2241.0
0,16712,7,1967.0
0,16712,1,2388.0
0,16464,7,1968.0
0,16712,3,2191.0
0,16244,2098,10.0
0,16611,2089,11.0
0,16244,81,254.0
0,16244,28,790.0
0,16606,12,1620.0
0,16265,163,158.0
0,16244,33,639.0
0,16605,277,78.0
0,16244,34,610.0
0,16244,30,721.0
0,16244,43,425.0
0,16470,6,2035.0
0,16456,7,1969.0
0,16714,1,2389.0
0,16722,12,1621.0
0,16715,1,2390.0
0,16377,11,1704.0
0,16580,8,1909.0
0,16446,11,1705.0
0,16280,12,1622.0
0,16183,62,292.0
0,16183,25,907.0
0,16248,10,1771.0
0,16716,5,2094.0
0,16054,3,2192.0
0,16720,16,1343.0
0,16719,23,980.0
0,16288,4,2142.0
0,16720,9,1846.0
0,16466,12,1623.0
0,16460,403,55.0
0,16465,403,56.0
0,16466,403,57.0
0,16643,8,1910.0
0,16192,166,155.0
0,16280,166,156.0
0,16719,44,407.0
0,16744,16,1344.0
0,16649,21,1067.0
0,16191,23,981.0
0,16159,40,475.0
0,16527,35,572.0
0,16529,18,1223.0
0,16292,1,2391.0
0,16572,1,2392.0
0,16662,52,340.0
0,16159,17,1289.0
0,16693,11,1706.0
0,16248,34,611.0
0,16446,15,1414.0
0,16446,15,1415.0
0,16724,15,1416.0
0,16446,26,864.0
0,16450,26,865.0
0,16449,25,908.0
0,16725,13,1552.0
0,16089,4,2143.0
0,16089,7,1970.0
0,16090,8,1911.0
0,16089,13,1553.0
0,16090,13,1554.0
0,16090,10,1772.0
0,16401,11,1707.0
0,16090,12,1624.0
0,16090,10,1773.0
0,16090,7,1971.0
0,16090,6,2036.0
0,16117,5,2095.0
0,16202,9,1847.0
0,16425,25,909.0
0,16430,18,1224.0
0,16729,258,104.0
0,16726,98,217.0
0,16248,97,219.0
0,16244,24,942.0
0,16496,25,910.0
0,16730,38,515.0
0,16325,30,722.0
0,16130,7,1972.0
0,16702,5,2096.0
0,16450,16,1345.0
0,16450,6,2037.0
0,16090,13,1555.0
0,16089,6,2038.0
0,16090,10,1774.0
0,16089,5,2097.0
0,16402,10,1775.0
0,16090,8,1912.0
0,16090,5,2098.0
0,16734,6,2039.0
0,16558,11,1708.0
0,16179,259,102.0
0,16599,5,2099.0
0,16159,18,1225.0
0,16679,15,1417.0
0,16672,13,1556.0
0,16677,13,1557.0
0,16049,19,1165.0
0,16457,2,2242.0
0,16500,3,2193.0
0,16121,2,2243.0
0,16421,183,149.0
0,16756,183,150.0
0,16755,38,516.0
0,16385,37,532.0
0,16421,37,533.0
0,16601,5,2100.0
0,16049,33,640.0
0,16241,55,316.0
0,16583,12,1625.0
0,16175,26,866.0
0,16730,250,122.0
0,16730,2,2244.0
0,16175,34,612.0
0,16730,31,691.0
0,16728,30,723.0
0,16175,29,760.0
0,16450,47,371.0
0,16686,252,116.0
0,16729,252,117.0
0,16730,252,118.0
0,16198,10,1776.0
0,16420,62,293.0
0,16198,33,641.0
0,16142,31,692.0
0,16248,36,558.0
0,16707,19,1166.0
0,16152,21,1068.0
0,16663,47,372.0
0,16733,9,1848.0
0,16734,9,1849.0
0,16446,30,724.0
0,16081,221,138.0
0,16357,9,1850.0
0,16351,4,2144.0
0,16130,12,1626.0
0,16583,7,1973.0
0,16048,8,1913.0
0,16159,14,1483.0
0,16477,69,276.0
0,16159,21,1069.0
0,16407,9,1851.0
0,16738,7,1974.0
0,16738,27,827.0
0,16738,2,2245.0
0,16630,12,1627.0
0,16558,15,1418.0
0,16558,11,1709.0
0,16759,77,260.0
0,16743,17,1290.0
0,16521,7,1975.0
0,16419,6,2040.0
0,16522,21,1070.0
0,16536,25,911.0
0,16537,25,912.0
0,16194,14,1484.0
0,16192,1,2393.0
0,16714,1,2394.0
0,16720,1,2395.0
0,16197,54,328.0
0,16288,54,329.0
0,16714,54,330.0
0,16744,40,476.0
0,16745,40,477.0
0,16746,40,478.0
0,16744,28,791.0
0,16054,1,2396.0
0,16054,21,1071.0
0,16289,3,2194.0
0,16054,1,2397.0
0,16244,37,534.0
0,16747,17,1291.0
0,16750,19,1167.0
0,16484,17,1292.0
0,16751,17,1293.0
0,16244,2,2246.0
0,16748,2,2247.0
0,16667,689,37.0
0,16669,689,38.0
0,16669,1,2398.0
0,16141,1,2399.0
0,16175,1,2400.0
0,16115,9,1852.0
0,16445,109,198.0
0,16066,27,828.0
0,16558,6,2041.0
0,16774,11,1710.0
0,16744,26,867.0
0,16744,26,868.0
0,16752,22,1023.0
0,16105,23,982.0
0,16105,16,1346.0
0,16519,7,1976.0
0,16715,3,2195.0
0,16715,1,2401.0
0,16714,5,2101.0
0,16650,8,1914.0
0,16650,4,2145.0
0,16598,10,1777.0
0,16450,2,2248.0
0,16044,34,613.0
0,16048,34,614.0
0,16048,63,291.0
0,16446,58,306.0
0,16449,37,535.0
0,16555,1,2402.0
0,16562,2,2249.0
0,16557,14,1485.0
0,16285,7,1977.0
0,16285,2,2250.0
0,16609,23,983.0
0,16049,44,408.0
0,16049,55,317.0
0,16205,1,2403.0
0,16207,1,2404.0
0,16620,8,1915.0
0,16620,120,194.0
0,16325,27,829.0
0,16325,32,664.0
0,16310,22,1024.0
0,16504,1,2405.0
0,16753,3,2196.0
0,16497,14,1486.0
0,16159,13,1558.0
0,16450,31,693.0
0,16583,50,352.0
0,16125,47,373.0
0,16582,46,386.0
0,16583,10,1778.0
0,16125,22,1025.0
0,16361,15,1419.0
0,16522,1,2406.0
0,16757,1,2407.0
0,16755,42,440.0
0,16757,15,1420.0
0,16303,76,262.0
0,16755,76,263.0
0,16602,16,1347.0
0,16385,18,1226.0
0,16250,1,2408.0
0,16315,1,2409.0
0,16151,13,1559.0
0,16306,12,1628.0
0,16584,12,1629.0
0,16583,19,1168.0
0,16419,4,2146.0
0,16256,10,1779.0
0,16198,9,1853.0
0,16258,9,1854.0
0,16254,272,83.0
0,16744,19,1169.0
0,16100,27,830.0
0,16583,15,1421.0
0,16583,25,913.0
0,16450,9,1855.0
0,16662,31,694.0
0,16507,3,2197.0
0,16244,37,536.0
0,16673,18,1227.0
0,16674,6,2042.0
0,16673,13,1560.0
0,16689,1,2410.0
0,16690,13,1561.0
0,16693,13,1562.0
0,16377,55,318.0
0,16632,55,319.0
0,16763,55,320.0
0,16425,18,1228.0
0,16425,18,1229.0
0,16547,18,1230.0
0,16708,24,943.0
0,16708,21,1072.0
0,16310,15,1422.0
0,16694,25,914.0
0,16694,3,2198.0
0,16494,61,295.0
0,16436,21,1073.0
0,16306,22,1026.0
0,16338,15,1423.0
0,16338,23,984.0
0,16300,26,869.0
0,16231,21,1074.0
0,16774,16,1348.0
0,16775,14,1487.0
0,16774,17,1294.0
0,16769,16,1349.0
0,16769,8,1916.0
0,16769,21,1075.0
0,16716,4,2147.0
0,16496,26,870.0
0,16730,40,479.0
0,16100,33,642.0
0,16175,260,99.0
0,16730,25,915.0
0,16111,17,1295.0
0,16090,10,1780.0
0,16090,7,1978.0
0,16090,6,2043.0
0,16090,12,1630.0
0,16090,11,1711.0
0,16089,11,1712.0
0,16090,13,1563.0
0,16090,12,1631.0
0,16090,8,1917.0
0,16090,13,1564.0
0,16090,11,1713.0
0,16090,15,1424.0
0,16090,8,1918.0
0,16090,13,1565.0
0,16090,8,1919.0
0,16090,10,1781.0
0,16641,2,2251.0
0,16736,1,2411.0
0,16159,10,1782.0
0,16149,12,1632.0
0,16774,1,2412.0
0,16325,19,1170.0
0,16325,12,1633.0
0,16325,8,1920.0
0,16325,14,1488.0
0,16325,15,1425.0
0,16325,16,1350.0
0,16325,5,2102.0
0,16325,5,2103.0
0,16325,10,1783.0
0,16325,10,1784.0
0,16325,10,1785.0
0,16325,11,1714.0
0,16149,13,1566.0
0,16773,13,1567.0
0,16450,17,1296.0
0,16581,6,2044.0
0,16130,2,2252.0
0,16583,1,2413.0
0,16581,8,1921.0
0,16583,10,1786.0
0,16431,11,1715.0
0,16452,11,1716.0
0,16450,33,643.0
0,16446,38,517.0
0,16450,20,1109.0
0,16449,249,123.0
0,16133,21,1076.0
0,16222,7,1979.0
