product_a_id,product_b_id,similarity_score
6,11666,0.8235
6,5899,0.7
17,18,0.944
17,27,0.873
18,27,0.916
31,1287,0.913
31,7086,0.913
31,1059,0.6667
32,2497,0.7097
32,5902,0.7
32,11670,0.7
33,14137,0.7463
33,1069,0.7097
46,3172,0.75
46,6017,0.7
46,6396,0.6875
58,11136,0.7188
98,14149,0.7407
99,1069,0.72
99,9115,0.7097
99,897,0.6667
100,1714,0.6667
105,4846,0.75
105,9988,0.75
131,136,1.0
131,4475,0.6667
131,9918,0.6667
136,8630,0.9057
136,10034,0.8444
136,6041,0.7327
160,168,0.7429
160,7076,0.7246
160,167,0.6667
165,1286,0.7241
165,6936,0.7105
165,6965,0.6786
166,167,0.9296
166,168,0.8462
166,250,0.8
167,168,1.0
167,250,0.916
167,4919,0.6557
168,250,0.8276
168,9474,0.6538
169,7559,0.7143
169,10437,0.7143
169,13004,0.6667
170,11669,0.75
170,9920,0.72
170,7209,0.6923
171,6602,0.75
171,6605,0.75
171,9029,0.75
191,194,0.8718
191,9339,0.75
194,9339,0.8605
203,204,1.0
203,205,1.0
203,4910,1.0
204,205,0.9466
204,207,0.9375
204,220,0.8889
205,207,0.96
205,216,0.9062
205,220,0.8788
207,216,0.88
207,220,0.8682
207,214,0.6627
208,4473,0.8378
208,4474,0.8378
208,8971,0.8378
210,223,0.8571
210,4574,0.8
210,1483,0.7879
213,214,1.0
213,215,1.0
213,216,1.0
214,215,1.0
214,217,0.9767
214,216,0.9677
215,218,0.9963
215,216,0.9677
215,217,0.9524
216,220,0.9545
216,217,0.887
216,218,0.887
217,218,1.0
217,220,0.9457
218,220,0.9457
219,221,0.8224
223,4574,0.7727
223,14774,0.6667
229,9283,1.0
229,9282,0.8767
229,4522,0.8462
231,9554,0.9032
231,9560,0.8767
231,4529,0.8462
233,237,1.0
233,234,0.8182
233,9480,0.7907
234,237,1.0
234,8149,0.7568
234,9562,0.6774
237,8149,1.0
237,241,0.7879
237,242,0.7273
241,8149,0.7143
242,9566,0.9
242,9428,0.7045
242,9568,0.6875
244,6853,0.7273
267,13946,0.6552
351,499,0.9905
392,416,0.7273
392,393,0.6667
392,394,0.6667
393,465,0.7879
393,474,0.7429
393,416,0.7273
394,465,0.7647
394,416,0.7273
394,474,0.7222
396,2463,1.0
396,475,0.9216
396,416,0.7273
397,416,0.7273
397,465,0.7179
397,474,0.6829
398,14343,1.0
398,399,0.9067
398,3037,0.75
399,416,0.7273
399,14343,0.7119
399,471,0.7059
416,420,0.7273
416,427,0.7273
416,435,0.7273
420,427,0.7547
420,10480,0.7018
420,435,0.6769
427,516,0.916
427,8166,0.6905
427,439,0.6667
435,12929,0.8696
435,13005,0.8364
435,13013,0.8364
439,534,0.9167
439,2518,0.8108
439,471,0.6667
445,13984,0.7719
445,13982,0.717
465,8289,0.7442
465,474,0.7222
465,3879,0.6667
471,7256,0.6842
471,534,0.6667
471,537,0.6667
474,475,1.0
474,2230,0.6897
474,2462,0.6897
475,2463,0.8172
475,2467,0.7593
475,2230,0.7568
516,534,0.6667
516,537,0.6667
530,13006,0.8444
530,13008,0.8136
530,13005,0.6707
534,537,0.7083
534,10621,0.6545
537,3845,0.7895
567,14187,0.8276
618,11024,0.7442
618,10954,0.7273
618,11083,0.7111
631,14021,0.9189
631,637,0.6667
631,640,0.6667
637,640,0.75
637,3054,0.6667
640,3054,0.6667
640,6342,0.6667
644,3444,1.0
644,5588,1.0
644,8045,0.9091
647,12283,0.6977
647,12286,0.6818
647,12273,0.6667
648,12830,0.7407
648,1838,0.6667
657,1071,0.6957
657,6734,0.6957
657,5202,0.6512
686,688,0.6875
686,9918,0.6667
688,2881,0.7333
688,7454,0.6522
696,2214,0.7273
696,3731,0.6857
696,12059,0.6857
754,6673,0.925
754,6657,0.913
754,8549,0.8485
781,794,0.7391
783,786,0.9118
783,8022,0.6667
786,789,1.0
786,792,0.8276
789,792,0.7612
789,1073,0.6957
789,2852,0.6667
792,2852,0.6667
794,4833,0.6875
794,4926,0.6875
797,4803,0.7692
803,11669,0.75
803,9920,0.72
803,13202,0.7
805,806,0.92
805,13317,0.7805
806,13317,0.6667
847,3716,1.0
847,848,0.9231
847,11669,0.75
848,849,0.9053
848,4826,0.8182
848,852,0.6842
849,4826,0.8182
849,852,0.7342
852,8707,0.8421
852,4826,0.8182
852,8288,0.7826
865,1549,0.8966
865,998,0.7692
865,994,0.7407
897,899,0.7213
897,9204,0.6923
897,9230,0.6905
899,5180,0.7067
899,9204,0.6923
899,8316,0.6822
902,903,0.6552
902,4542,0.6552
903,3061,0.6944
903,7104,0.6875
903,14624,0.6667
951,8303,0.912
951,8299,0.8696
951,8304,0.8382
960,964,0.8571
960,7993,0.7778
960,8299,0.7037
964,3365,0.8
964,11413,0.8
964,4348,0.7955
992,996,0.8571
992,995,0.8511
992,998,0.7692
993,14036,1.0
993,998,0.7692
993,1004,0.75
994,995,1.0
994,1005,0.9412
994,998,0.7692
995,998,0.7692
995,996,0.7442
995,1005,0.7407
996,1009,0.9286
996,998,0.7692
996,1010,0.7556
998,1003,0.7692
998,1004,0.7692
998,1005,0.7692
1003,4771,0.7838
1003,1005,0.7407
1004,1010,0.7547
1004,1005,0.7407
1004,1009,0.7273
1005,1009,0.7407
1005,1010,0.7407
1005,1549,0.7407
1009,1010,1.0
1009,4610,0.7556
1020,2421,0.75
1027,12982,1.0
1027,2891,0.8
1027,2820,0.7692
1029,1030,0.7391
1029,3017,0.7143
1029,5902,0.7
1030,1031,0.7391
1030,5902,0.7
1030,11670,0.7
1031,1227,0.7895
1031,5902,0.7
1031,11670,0.7
1034,1040,0.9231
1035,2820,1.0
1035,11307,1.0
1035,11310,1.0
1038,1055,0.9344
1038,13143,0.8475
1038,1054,0.8148
1040,1043,0.7907
1043,3964,0.7419
1043,11511,0.6667
1044,1046,1.0
1044,11311,0.8571
1044,1057,0.8372
1046,1057,0.8372
1046,2893,0.8
1046,11547,0.7664
1054,1055,1.0
1055,3564,0.7576
1055,11672,0.75
1055,6826,0.6909
1056,4826,0.8182
1056,13407,0.7302
1059,3017,0.6809
1062,5902,0.7
1062,11670,0.7
1062,7190,0.6667
1064,1087,0.766
1064,1088,0.7368
1064,4824,0.7368
1067,1068,1.0
1067,8320,0.9394
1067,13295,0.8
1068,8320,0.9118
1068,13295,0.8
1068,1498,0.7059
1069,9007,0.8571
1069,9017,0.8571
1069,9018,0.8571
1071,1073,0.9333
1071,6734,0.8
1071,4834,0.7273
1073,1074,1.0
1073,6734,0.7333
1073,1899,0.6957
1077,8034,0.7619
1077,13350,0.7619
1087,1088,1.0
1087,10339,0.7755
1087,4824,0.7568
1088,10339,0.7
1088,4824,0.6813
1088,5992,0.6579
1100,12683,0.8846
1100,7964,0.8421
1100,8022,0.6667
1140,8355,0.9405
1140,5068,0.8947
1140,1673,0.8125
1222,13385,0.75
1226,1227,0.7
1227,5902,0.7
1227,11670,0.7
1227,12982,0.7
1242,1247,0.9091
1242,3729,0.9091
1242,6084,0.9091
1243,1245,0.9831
1243,1246,0.9333
1243,3729,0.7778
1245,1246,0.9153
1245,3729,0.7547
1245,3731,0.7308
1246,1247,1.0
1246,1248,1.0
1246,3730,0.9091
1247,1248,1.0
1247,3730,0.9091
1247,12059,0.8205
1248,3730,0.9091
1248,2214,0.7273
1248,3731,0.6857
1254,9945,0.8511
1254,4518,0.8421
1254,5987,0.8421
1255,1256,0.8421
1283,8430,0.9091
1284,7310,0.8073
1284,1286,0.75
1284,1285,0.7436
1285,1286,0.7467
1285,14287,0.6943
1285,6965,0.6667
1286,7310,0.6542
1287,7086,0.8852
1295,8010,1.0
1295,10063,0.898
1295,10066,0.8571
1296,2761,0.7308
1296,6734,0.6957
1301,8022,0.6667
1301,1501,0.6596
1301,1508,0.6526
1311,1312,0.8
1311,10000,0.8
1311,10001,0.8
1312,8023,0.88
1338,1403,0.6667
1339,2820,0.8837
1339,11307,0.8636
1339,11310,0.8636
1340,11668,0.75
1346,1350,0.8889
1346,9293,0.701
1346,2478,0.6966
1348,1350,1.0
1348,1381,0.6755
1348,8022,0.6667
1350,1372,0.9115
1350,1375,0.9035
1350,2477,0.8354
1362,1372,1.0
1362,1369,0.9388
1362,1375,0.9388
1369,1372,0.8756
1369,1375,0.867
1369,1381,0.7297
1372,1375,0.9912
1372,1381,0.7297
1372,3344,0.7273
1375,1381,0.7297
1375,3344,0.7273
1381,11672,0.75
1400,9050,1.0
1400,2241,0.8372
1400,4563,0.8372
1402,2898,0.7368
1402,13389,0.7368
1403,1865,1.0
1425,1429,0.8936
1425,1426,0.8
1425,1427,0.7664
1426,1429,0.8842
1426,1427,0.8519
1426,9349,0.7611
1427,1429,0.8675
1427,9349,0.8
1427,9347,0.7869
1429,9349,0.9195
1429,9285,0.6667
1429,8697,0.6591
1433,1434,0.8108
1433,6734,0.6957
1433,10427,0.6531
1464,1466,0.9907
1464,8299,0.8696
1464,10424,0.8627
1466,10424,0.8544
1466,10426,0.8462
1466,10556,0.7573
1479,4575,0.7895
1479,1483,0.7742
1479,4574,0.7727
1483,4574,0.7727
1483,14774,0.7222
1483,11933,0.6582
1497,1498,0.9091
1497,5800,0.6742
1497,14404,0.6739
1498,13295,0.8
1498,13296,0.6588
1501,1508,0.9908
1501,1503,0.8889
1501,1506,0.8807
1503,1506,0.9908
1503,1504,0.9412
1503,1507,0.8936
1504,1507,0.8936
1504,3057,0.8493
1504,1506,0.8298
1506,1507,0.8936
1506,1508,0.7818
1508,8022,0.6667
1510,3928,0.6897
1510,4530,0.6522
1510,14038,0.6512
1512,1513,0.9118
1526,1932,0.6923
1526,14008,0.6923
1526,1903,0.6667
1534,1538,0.9231
1534,1539,0.6545
1538,1539,1.0
1549,1550,0.9091
1550,11403,0.7429
1557,11672,0.75
1566,6086,0.9714
1566,1567,0.9444
1566,6093,0.9143
1567,6086,0.9143
1567,11581,0.7778
1567,2467,0.6667
1581,13745,0.8387
1581,1673,0.8125
1581,8743,0.8
1631,2898,0.65
1634,1635,0.7857
1635,13389,0.8667
1635,13386,0.7045
1635,1637,0.7
1637,13386,0.84
1641,1642,0.6667
1641,2418,0.6667
1641,11812,0.6667
1642,6782,0.75
1642,14599,0.72
1642,6783,0.6923
1669,14788,0.8675
1669,5286,0.7761
1669,1760,0.7
1673,1676,0.8444
1673,3980,0.8182
1673,1674,0.8125
1674,1676,0.8696
1674,1675,0.7273
1675,1676,0.8696
1675,13023,0.7213
1675,3980,0.6562
1676,3980,0.7843
1676,3974,0.7037
1676,4037,0.7
1682,1683,0.7619
1682,10566,0.6667
1714,1715,0.6667
1714,1718,0.6667
1714,11482,0.6667
1715,12390,0.6897
1715,10328,0.6667
1715,13546,0.6667
1718,11482,0.75
1754,3572,0.6857
1754,2760,0.6842
1760,5286,0.7
1760,8768,0.7
1760,14233,0.7
1763,1764,0.8682
1763,8378,0.7361
1764,8378,0.7248
1764,6755,0.6813
1770,2623,1.0
1770,2624,1.0
1770,8874,1.0
1775,1776,1.0
1775,1777,0.9565
1775,4328,0.8661
1776,1777,0.9831
1776,4328,0.8923
1776,4327,0.8837
1777,4322,0.8217
1777,4327,0.8217
1777,4328,0.8154
1780,1782,0.9565
1780,1781,0.7568
1781,1782,0.7568
1790,1791,0.9286
1790,1842,0.6957
1790,4532,0.6667
1791,1842,0.6957
1791,4532,0.6667
1801,1803,0.9714
1803,3980,0.7805
1803,13035,0.7442
1803,8291,0.6809
1838,12830,0.8649
1838,12859,0.8108
1838,2482,0.6667
1842,14275,0.6667
1843,7199,1.0
1843,1844,0.9153
1843,7200,0.9153
1844,7199,0.7941
1844,7200,0.7941
1844,3028,0.6897
1853,12982,0.7
1862,1863,0.9333
1864,11403,0.674
1866,1867,0.9412
1881,1885,0.8913
1894,8575,0.7925
1894,14109,0.7778
1894,11351,0.7381
1899,11446,0.7143
1899,2046,0.6885
1903,4943,0.72
1903,7437,0.72
1903,7448,0.72
1910,3158,0.9091
1910,1911,0.9062
1910,8212,0.7347
1911,3211,0.7368
1918,4413,0.7874
1918,1919,0.6667
1919,4774,0.6667
1919,11541,0.6667
1960,4337,0.8506
1960,4338,0.7879
1960,4347,0.7586
2019,2022,1.0
2027,2039,0.9383
2027,2046,0.7636
2027,2214,0.7273
2039,2046,0.8475
2039,12059,0.8205
2039,6031,0.7442
2046,11442,0.8475
2046,12071,0.8475
2046,12073,0.8475
2164,2165,0.9074
2164,12055,0.8205
2164,6025,0.7442
2165,12059,0.8205
2165,10055,0.7586
2165,6031,0.7442
2173,2175,0.8817
2173,6608,0.7333
2173,7596,0.7333
2187,2188,1.0
2187,2189,0.75
2199,14624,0.7143
2199,10556,0.6729
2199,3879,0.6667
2213,4834,0.7429
2213,12467,0.7429
2213,6734,0.6957
2214,2215,1.0
2214,6178,0.7556
2214,14238,0.7407
2215,3731,0.6857
2215,12059,0.6857
2215,3730,0.6667
2230,2462,0.7568
2230,4655,0.7568
2241,4568,0.8916
2241,4575,0.8478
2241,4563,0.8358
2249,6734,0.6957
2264,2606,0.6542
2267,2271,0.8889
2275,9980,0.7273
2275,6734,0.6957
2275,8022,0.6667
2299,6965,0.8833
2299,6885,0.8448
2299,14287,0.8448
2302,2304,0.7778
2309,2312,0.9118
2309,2313,0.9118
2312,2313,1.0
2315,12155,0.6667
2349,2350,0.8
2354,2356,1.0
2354,8025,1.0
2354,14394,1.0
2356,8025,0.8846
2356,14394,0.8364
2356,11669,0.75
2359,11672,0.75
2359,2360,0.7222
2360,13379,0.88
2360,13382,0.8627
2360,8025,0.8462
2364,2367,0.7826
2364,2368,0.7826
2364,2369,0.7826
2367,2497,0.7
2367,5902,0.7
2367,11670,0.7
2368,14617,0.7143
2368,6734,0.6957
2369,2857,0.8684
2369,2859,0.8684
2369,2860,0.8684
2403,3567,0.6531
2405,4618,0.8821
2405,7077,0.7636
2405,7513,0.7407
2411,2412,0.9459
2411,4522,0.8462
2411,4826,0.8182
2412,4522,0.8462
2412,4826,0.8182
2414,2415,0.7917
2414,5901,0.7273
2414,2416,0.7097
2415,11669,0.75
2415,2416,0.7241
2415,9920,0.72
2416,11672,0.75
2418,2819,0.6923
2427,11374,0.7586
2427,8022,0.6667
2429,6971,0.8
2430,2433,0.7429
2430,6734,0.7027
2430,4834,0.65
2438,6197,0.8043
2438,2441,0.6977
2438,6196,0.6667
2441,2448,0.9286
2462,2471,1.0
2462,2465,0.6667
2463,2467,0.7879
2463,6086,0.6923
2463,6092,0.6923
2465,2467,0.6667
2465,2471,0.6667
2467,3980,0.7805
2467,13035,0.7442
2467,8291,0.6809
2477,9293,0.7755
2477,2478,0.7606
2477,11362,0.75
2478,3178,0.8475
2478,3177,0.7619
2478,3251,0.7179
2481,3268,0.6667
2481,3269,0.6667
2481,4929,0.6667
2482,3251,0.8475
2482,3178,0.747
2482,12830,0.7407
2492,13172,0.6842
2497,5902,0.7
2497,11670,0.7
2497,13124,0.65
2498,12482,0.7619
2498,14757,0.7273
2498,4513,0.6957
2506,2507,1.0
2510,2550,0.9286
2510,13547,0.8571
2510,14012,0.7018
2518,8212,0.6792
2550,14012,0.8571
2550,3727,0.7273
2550,11622,0.7273
2606,3210,0.6957
2606,3172,0.6667
2611,2613,0.7586
2621,6475,0.7059
2623,2624,1.0
2624,4322,0.6667
2624,8874,0.6667
2719,12229,0.7294
2720,13619,0.6667
2725,2729,1.0
2725,2728,0.7143
2725,2744,0.7143
2728,9992,1.0
2728,10002,1.0
2728,10004,1.0
2750,2751,1.0
2750,2753,0.7
2750,9929,0.7
2751,9929,0.9388
2753,9930,0.7895
2754,12482,0.7619
2754,4513,0.75
2754,14757,0.7273
2760,7219,0.7442
2760,7220,0.7273
2760,4501,0.6667
2764,14109,0.7778
2764,11351,0.7383
2777,8180,0.7895
2777,12482,0.7619
2777,14757,0.7273
2788,5264,0.6957
2819,13185,1.0
2820,11307,1.0
2820,11310,1.0
2820,12482,0.7619
2822,9184,0.717
2822,11311,0.717
2822,11312,0.717
2831,8022,0.6667
2831,8101,0.6531
2836,5371,1.0
2836,5372,1.0
2836,5378,1.0
2838,3731,0.6857
2838,12059,0.6857
2838,3730,0.6667
2841,8626,0.7966
2849,9052,0.6923
2849,11308,0.6923
2849,11309,0.6923
2851,2852,0.9167
2851,8022,0.6667
2853,2854,0.7397
2853,2858,0.6744
2853,11757,0.6744
2854,2858,0.7848
2854,11757,0.7848
2854,2865,0.6765
2857,2858,1.0
2857,2859,1.0
2857,2860,0.9635
2858,2859,1.0
2858,2860,0.9048
2858,2862,0.9048
2859,2860,0.9635
2859,2862,0.9394
2859,11757,0.8916
2860,2862,1.0
2860,11757,0.8354
2860,2865,0.7037
2862,11757,0.8916
2862,2865,0.7037
2865,7197,0.7895
2881,14182,1.0
2881,7454,0.7333
2881,11621,0.7333
2891,2893,0.9167
2891,11310,0.8571
2891,11545,0.8
2893,11547,0.8
2908,2913,0.8276
2908,5897,0.6667
2908,8022,0.6667
2913,5906,0.7083
2913,13670,0.6667
3009,5108,0.7407
3009,12070,0.7407
3009,12071,0.7407
3012,6108,0.6923
3026,5019,0.7812
3026,5039,0.7812
3026,5213,0.7812
3028,7937,0.75
3028,7935,0.7317
3028,13497,0.7317
3029,3928,0.6897
3029,8739,0.6552
3030,3033,0.9091
3030,3032,0.88
3030,12921,0.88
3032,12921,0.88
3032,14570,0.8205
3032,3033,0.8
3033,3043,0.9
3033,3044,0.9
3033,12921,0.6885
3037,14343,0.8293
3037,14344,0.6739
3037,12921,0.6667
3043,3044,0.9256
3044,3980,0.7805
3044,13035,0.7442
3044,8291,0.6809
3054,6985,0.7586
3057,5339,0.7463
3057,11548,0.7463
3057,11549,0.7463
3061,14624,0.8182
3061,6743,0.8
3061,10424,0.8
3073,9918,0.6667
3076,3079,0.7111
3079,3092,0.9048
3102,3103,0.9091
3102,3159,0.7059
3102,4385,0.7059
3120,12059,0.8205
3120,6179,0.7547
3120,6031,0.7442
3145,3146,1.0
3145,5490,0.8065
3145,5456,0.7917
3146,5490,0.8281
3146,8415,0.7934
3146,5456,0.7917
3156,12830,0.7407
3156,3210,0.6957
3156,3172,0.6667
3158,3211,0.9167
3158,3210,0.6957
3158,3172,0.6667
3159,3210,0.6957
3159,3172,0.6667
3159,3422,0.6667
3160,3179,1.0
3160,3171,0.85
3160,3177,0.7755
3162,9441,1.0
3162,3215,0.9333
3162,9352,0.7714
3170,3210,0.6957
3170,3172,0.6667
3170,3244,0.6557
3171,3179,1.0
3171,9906,0.8
3171,9907,0.8
3172,6396,0.75
3172,3301,0.7179
3172,3210,0.7097
3175,3210,0.6957
3177,3178,0.7619
3177,3179,0.7442
3177,3251,0.7
3178,3251,0.9118
3178,3210,0.6957
3179,3210,0.75
3179,3293,0.7222
3179,3394,0.7222
3180,3422,0.7
3180,3210,0.6957
3180,3215,0.6538
3210,3293,0.7059
3210,3394,0.7059
3210,3211,0.6957
3215,9352,0.8286
3215,9819,0.8235
3215,9441,0.8116
3245,9595,0.8866
3245,11672,0.75
3260,13201,1.0
3260,3323,0.848
3260,13188,0.8364
3268,3269,0.8372
3268,9293,0.8372
3268,12484,0.7179
3269,9293,1.0
3269,3344,0.9286
3269,3293,0.6897
3278,3281,0.9412
3278,3356,0.9194
3278,3279,0.9123
3279,3361,0.9091
3279,3281,0.8
3279,4338,0.7955
3281,12482,0.7619
3281,14757,0.7273
3281,4513,0.6957
3293,3295,1.0
3293,13185,1.0
3293,13188,1.0
3295,13185,1.0
3295,13188,0.8364
3295,3394,0.6897
3301,3394,0.6897
3301,13659,0.6857
3301,3566,0.68
3323,3332,0.9291
3323,4494,0.8889
3323,11672,0.75
3332,4494,0.8889
3332,11672,0.75
3332,5518,0.7451
3339,13188,0.6957
3339,3394,0.6897
3339,3483,0.6567
3344,9293,0.8298
3344,3394,0.6897
3351,4826,0.8182
3351,3394,0.6897
3351,6053,0.6875
3356,8419,0.9385
3356,3358,0.9123
3356,3361,0.9123
3358,3365,0.9367
3358,3361,0.8571
3358,8419,0.8158
3361,3365,1.0
3361,8524,0.875
3361,6301,0.8283
3365,8524,0.8651
3365,6302,0.8442
3365,6301,0.8144
3392,3394,0.6897
3394,13188,0.7451
3394,5463,0.6897
3394,5465,0.6897
3422,4532,0.75
3422,14275,0.6667
3428,3566,0.9818
3428,6608,0.7333
3428,7596,0.7333
3441,11668,0.75
3441,4494,0.6667
3444,3454,1.0
3444,3455,1.0
3444,5588,1.0
3454,5588,1.0
3454,11556,0.9661
3454,3501,0.9333
3455,5588,1.0
3455,8045,0.9091
3455,5589,0.8636
3460,5597,1.0
3460,8045,0.9863
3460,3490,0.9067
3474,12482,0.7619
3474,14757,0.7273
3474,4513,0.6957
3476,11669,0.75
3476,9920,0.72
3476,7209,0.6923
3480,3563,0.7347
3483,3489,1.0
3483,3490,1.0
3483,3491,1.0
3489,3490,0.9143
3489,3493,0.8095
3489,3491,0.7603
3490,8422,0.9459
3490,8045,0.9189
3490,3491,0.9143
3491,3501,0.958
3491,11556,0.9231
3491,3523,0.8205
3493,3501,0.8095
3493,3554,0.7727
3493,3523,0.7593
3501,3523,0.9661
3501,11556,0.8983
3501,3518,0.8889
3506,3513,0.8986
3506,3518,0.8493
3506,3523,0.8493
3513,3518,0.8986
3513,3523,0.8986
3513,3554,0.8684
3518,3523,1.0
3518,5599,0.8346
3518,11556,0.8346
3523,11556,0.9138
3523,5600,0.819
3523,3554,0.75
3543,3554,0.8986
3554,8045,0.8919
3554,5597,0.6875
3554,11556,0.6875
3564,6826,0.8
3564,8494,0.7576
3564,8495,0.7576
3566,6608,0.7391
3566,7596,0.7391
3566,13144,0.7097
3567,3572,0.6667
3571,14036,1.0
3571,5270,0.7027
3577,3578,0.6792
3598,4348,0.7955
3598,6964,0.7865
3598,8453,0.75
3606,10954,0.7667
3606,11024,0.7442
3606,11083,0.7111
3612,8025,0.7742
3612,9322,0.7714
3612,14394,0.7692
3649,3687,0.7143
3670,14187,0.8235
3687,10476,1.0
3716,3717,1.0
3716,3718,1.0
3716,11669,0.75
3717,3718,0.8333
3717,11669,0.75
3717,9920,0.72
3718,11669,0.75
3718,9920,0.72
3718,7209,0.6923
3727,14012,0.7111
3729,6084,0.9091
3729,3730,0.875
3729,3731,0.8511
3730,3731,0.9787
3730,6084,0.75
3730,12059,0.6857
3731,6084,0.7234
3731,12059,0.6957
3731,4347,0.6857
3752,5987,0.6604
3879,5083,0.6667
3879,5180,0.6667
3879,5720,0.6667
3881,5897,0.6667
3898,14268,0.9388
3898,3900,0.931
3898,8050,0.9259
3899,3901,0.9912
3899,3900,0.9434
3899,8050,0.8814
3900,3901,0.9043
3900,14273,0.8182
3900,8050,0.8167
3901,9626,0.9038
3901,8050,0.8739
3901,14273,0.8073
3928,5413,0.6897
3928,5416,0.6897
3928,5418,0.6897
3939,11669,0.75
3939,9920,0.72
3939,7209,0.6923
3956,3964,0.6591
3961,13659,0.7573
3961,3964,0.6552
3964,13188,0.7042
3964,11511,0.6667
3974,3980,0.7925
3974,3975,0.7619
3974,3982,0.7273
3975,3982,0.9811
3975,12689,0.8571
3975,3980,0.7451
3980,3982,0.8095
3980,5068,0.7805
3980,8291,0.7805
3982,12689,0.84
3982,12686,0.6667
4037,4181,1.0
4037,4156,0.96
4037,4081,0.9167
4052,4080,0.9143
4052,4081,0.9143
4052,4102,0.9143
4080,4081,0.9618
4080,4102,0.9618
4080,4180,0.9457
4081,4102,1.0
4081,4181,0.9529
4081,4180,0.9178
4102,4181,0.9419
4102,4180,0.9178
4102,4156,0.7692
4156,4181,0.8108
4156,4180,0.7559
4156,12251,0.7436
4180,4181,0.9178
4180,12251,0.7436
4180,8354,0.6522
4181,12251,0.7436
4245,4246,0.9412
4255,4256,0.9245
4255,8769,0.6909
4256,8769,0.7529
4261,9627,0.85
4322,8874,1.0
4322,4327,0.9
4322,4328,0.8936
4327,4328,0.9929
4331,4332,0.967
4337,4338,1.0
4337,4340,0.9268
4337,4347,0.9024
4338,4348,0.9057
4338,8453,0.8393
4338,4340,0.8298
4340,4347,0.9756
4340,11413,0.9351
4340,4348,0.8511
4344,5599,0.8
4344,5600,0.8
4344,11556,0.8
4347,4348,1.0
4347,8453,0.9351
4347,10055,0.9351
4348,8453,0.9505
4348,10055,0.8478
4348,6301,0.7955
4350,4351,0.9138
4350,12661,0.8455
4350,14282,0.8189
4351,4357,1.0
4351,4360,0.9358
4351,4361,0.9358
4352,4354,0.907
4352,4353,0.8936
4352,4357,0.8571
4353,4354,0.907
4353,4363,0.7879
4353,4357,0.784
4354,4360,1.0
4354,4361,1.0
4354,4363,1.0
4357,12660,0.9371
4357,12666,0.9371
4357,4365,0.8824
4359,4360,1.0
4359,4361,1.0
4359,4362,0.9444
4360,4361,1.0
4360,4369,1.0
4360,4363,0.9937
4361,4369,1.0
4361,4366,0.9944
4361,4367,0.9944
4362,4366,0.8824
4362,4367,0.8824
4362,4363,0.8718
4363,4365,1.0
4363,4366,1.0
4363,4367,1.0
4365,4369,1.0
4365,4366,0.9467
4365,4367,0.9467
4366,4367,1.0
4366,4369,1.0
4366,4372,0.9412
4367,4369,1.0
4367,4372,0.9412
4367,4368,0.8545
4368,4369,0.8052
4368,4372,0.7917
4368,12661,0.7656
4369,4372,0.8916
4369,12658,0.6957
4372,12661,0.8082
4372,14282,0.8
4372,12663,0.7333
4380,6017,0.7
4394,12640,0.8182
4394,12639,0.6525
4404,4406,0.6957
4404,4405,0.6667
4404,4407,0.6667
4405,4799,0.96
4405,4406,0.8
4405,4407,0.6923
4406,4799,0.7692
4406,4407,0.6667
4407,4435,0.8276
4407,11453,0.7273
4407,4799,0.6667
4422,4438,0.7742
4422,13592,0.6545
4431,4432,0.7317
4432,6586,0.7368
4432,12228,0.7368
4435,11453,0.6957
4437,8430,0.72
4437,8567,0.72
4437,12651,0.72
4438,4441,0.7333
4443,11463,0.6772
4452,10878,0.6538
4462,14109,0.7778
4462,8575,0.7229
4473,4474,1.0
4473,4475,0.8627
4473,6172,0.8462
4474,4475,0.9
4474,6172,0.8462
4475,7513,0.8
4475,5586,0.7654
4475,9827,0.6777
4479,12371,1.0
4479,12374,0.75
4479,12378,0.6667
4485,6770,1.0
4485,6772,0.9091
4485,6782,0.8485
4494,5382,0.8889
4494,8494,0.8889
4494,11672,0.75
4501,4502,0.7778
4501,7190,0.6667
4501,7220,0.6522
4502,7190,0.8636
4502,9920,0.75
4502,11669,0.75
4511,12929,0.7925
4511,13005,0.7442
4511,13013,0.7442
4513,4514,1.0
4513,12482,0.7619
4513,14757,0.7273
4514,14137,0.775
4514,12482,0.7619
4514,14757,0.7273
4518,11304,0.8421
4518,5987,0.8
4518,6566,0.8
4519,4520,0.8864
4521,6768,0.6538
4522,9282,1.0
4522,9306,1.0
4522,4529,0.9333
4529,9547,0.8462
4529,9554,0.8462
4529,9560,0.8462
4532,6105,0.75
4532,14275,0.75
4534,5397,0.931
4534,5393,0.8077
4534,5394,0.8077
4547,4552,0.9057
4547,8022,0.6667
4552,13813,0.7229
4552,8316,0.6753
4552,5180,0.6582
4558,8056,0.7556
4558,4574,0.7273
4558,12062,0.678
4563,4568,1.0
4563,4575,0.8941
4563,11934,0.8358
4568,8555,0.8704
4568,7079,0.813
4568,11673,0.7826
4574,4575,1.0
4574,4577,0.8125
4574,7944,0.7727
4575,11934,0.878
4575,4577,0.8125
4575,11935,0.7895
4610,14031,0.8364
4610,12059,0.8205
4610,14029,0.8
4618,4619,0.88
4618,7077,0.8197
4618,7513,0.7407
4619,7076,0.7931
4619,7080,0.7931
4619,7081,0.7931
4633,4634,0.8148
4633,4652,0.6667
4642,5194,0.7
4650,4655,0.8791
4650,10517,0.8172
4650,10518,0.7907
4655,10517,0.8113
4655,10518,0.7414
4742,9917,0.8182
4742,12317,0.8182
4742,5902,0.7
4756,12421,0.92
4756,10868,0.9123
4756,4761,0.85
4761,4771,0.878
4761,12430,0.878
4761,4770,0.75
4767,4770,1.0
4767,12438,0.6923
4767,4771,0.6818
4770,4771,1.0
4770,10868,0.75
4770,12421,0.75
4771,10868,0.8462
4771,12421,0.8462
4771,12430,0.8372
4774,4775,0.7
4774,4776,0.6667
4774,5283,0.6667
4775,4776,0.6667
4785,8022,0.6667
4797,11987,0.7
4799,4803,0.9231
4815,9904,0.7273
4824,6516,0.8
4824,5992,0.72
4824,10339,0.7
4826,6053,0.8182
4826,6273,0.8182
4826,6274,0.8182
4833,4926,0.913
4833,4837,0.6923
4834,4838,0.8889
4834,12467,0.8387
4834,14617,0.8387
4836,12339,1.0
4837,12468,0.7273
4837,7557,0.6857
4837,12055,0.6857
4872,4873,0.7333
4872,4875,0.7333
4873,4875,0.8824
4873,4879,0.8657
4873,4885,0.7119
4875,4885,0.8571
4875,4878,0.7965
4875,12660,0.6667
4878,4885,0.9312
4878,4879,0.8791
4879,4885,0.8729
4892,4895,0.6923
4892,8612,0.6667
4905,4906,1.0
4907,14395,0.6667
4908,12482,0.7619
4908,14757,0.7273
4909,4911,0.8947
4910,8183,1.0
4910,12482,0.7619
4910,9501,0.7273
4918,4919,1.0
4918,9412,1.0
4918,9428,1.0
4928,4929,1.0
4929,9980,0.7273
4929,6734,0.6957
4987,14006,0.6761
5006,5039,0.6604
5019,6683,0.9496
5019,6706,0.9241
5019,6702,0.905
5028,5031,0.8344
5028,5054,0.7941
5028,14187,0.6667
5031,5054,0.9895
5031,14187,0.8235
5031,6685,0.663
5039,5213,0.8958
5039,6662,0.8958
5039,6665,0.8958
5045,6707,0.9348
5045,6706,0.9308
5045,6695,0.85
5054,14187,0.8235
5054,6685,0.663
5068,8355,0.7975
5068,12246,0.7667
5068,13035,0.7442
5083,8299,0.8696
5084,5085,1.0
5085,11313,0.6571
5085,11314,0.6571
5085,11315,0.6571
5096,5099,0.8537
5097,5201,0.8235
5099,5108,0.8671
5108,12070,0.7111
5108,12074,0.6747
5121,9480,0.9032
5174,11669,0.75
5174,9920,0.72
5174,7209,0.6923
5180,8316,0.9375
5183,5287,1.0
5183,5581,0.9032
5183,5582,0.7333
5184,8022,0.6667
5194,6050,1.0
5194,5196,0.6667
5196,5197,0.6667
5196,5198,0.6667
5197,5198,0.9908
5201,5625,0.6875
5202,5206,0.8302
5202,5207,0.7429
5202,5211,0.7429
5206,5207,0.8519
5206,5211,0.6667
5207,5213,0.6713
5211,6964,0.6733
5211,13130,0.6667
5211,5213,0.6571
5213,6676,0.9067
5213,6662,0.8286
5213,6665,0.8286
5216,5217,0.9818
5216,5218,0.6545
5217,5218,0.6786
5221,5223,0.7619
5221,5897,0.6667
5221,6099,0.6667
5260,5267,0.8333
5260,13644,0.8095
5260,11669,0.75
5261,5270,0.7407
5261,5262,0.7143
5261,5263,0.7143
5262,5270,0.7407
5263,5270,0.7407
5263,5280,0.6829
5263,5281,0.6792
5264,5270,0.7407
5267,11669,0.75
5267,5270,0.7407
5267,9920,0.72
5269,5270,0.7407
5269,13393,0.7333
5269,5274,0.6579
5270,14036,1.0
5270,5274,0.7407
5270,5275,0.7407
5274,5275,0.8571
5274,5277,0.8571
5274,9626,0.7925
5275,5277,0.6506
5277,7001,0.6504
5283,5285,0.8125
5283,5286,0.7692
5285,5286,0.7692
5286,14788,0.8451
5287,5581,1.0
5287,5582,0.8148
5290,12482,0.7619
5290,14757,0.7273
5294,6228,0.7333
5339,11548,0.9605
5339,11549,0.9605
5339,11552,0.9605
5351,5352,1.0
5359,5431,0.9888
5359,5393,0.8571
5359,5394,0.8571
5362,5384,0.9333
5362,5365,0.9189
5362,13143,0.8475
5365,5422,0.8972
5365,13143,0.8475
5365,5387,0.8
5369,5393,0.9322
5369,5398,0.873
5369,8495,0.871
5371,5378,0.974
5371,8100,0.962
5371,8101,0.9494
5372,5378,0.9103
5372,8100,0.8993
5372,8101,0.8742
5376,13144,1.0
5376,5378,0.8908
5376,8101,0.8908
5378,8101,1.0
5378,8100,0.9252
5378,6609,0.8667
5381,5388,1.0
5381,9105,0.8909
5381,5384,0.8889
5382,8494,0.9474
5382,5384,0.9189
5382,5385,0.9185
5384,5388,1.0
5384,5385,0.9189
5384,5386,0.9189
5385,5387,0.8244
5385,5388,0.7883
5385,5386,0.7786
5386,5429,1.0
5386,9103,0.9189
5386,5387,0.7969
5387,5430,1.0
5387,5388,0.9231
5387,9105,0.8244
5388,5427,1.0
5388,9105,0.9423
5388,5430,0.9043
5390,11672,0.75
5390,6608,0.7333
5390,7596,0.7333
5391,5392,0.8971
5391,5413,0.8393
5391,5420,0.8227
5392,5416,0.8906
5392,5420,0.8906
5392,5413,0.863
5393,5394,1.0
5393,5397,1.0
5393,5431,1.0
5394,5431,1.0
5394,5398,0.8547
5394,8495,0.8393
5397,5431,1.0
5397,5398,0.8547
5397,8495,0.8393
5398,5399,0.9449
5398,5431,0.8889
5398,8495,0.8182
5399,5431,0.8889
5399,8495,0.7639
5399,11672,0.75
5402,6608,0.7333
5402,7596,0.7333
5402,9017,0.725
5413,5420,0.9934
5413,5416,0.9494
5413,5418,0.9036
5416,5420,1.0
5416,5418,0.954
5416,5419,0.9486
5418,5419,0.9945
5418,5420,0.9371
5418,8100,0.8324
5419,5420,0.9371
5419,8100,0.8276
5419,8101,0.8023
5420,8100,0.8861
5420,8101,0.8075
5420,6633,0.7463
5422,5430,0.8852
5422,5427,0.7627
5422,6608,0.7333
5427,9105,0.8868
5427,5430,0.8361
5427,5429,0.7708
5429,9103,0.9
5429,13407,0.7692
5429,5430,0.74
5430,9105,0.7767
5430,6608,0.7333
5430,7596,0.7333
5431,8495,0.8462
5431,6608,0.7333
5431,7596,0.7333
5452,5471,0.7027
5452,5531,0.7027
5452,5453,0.6667
5456,5474,1.0
5456,5463,0.9667
5456,5496,0.6585
5463,5465,0.8696
5463,5474,0.7843
5463,5517,0.6824
5465,5471,0.68
5465,5531,0.68
5465,5570,0.6769
5471,5531,0.9167
5471,5474,0.8837
5474,5531,0.7027
5474,8022,0.6667
5490,5518,0.9023
5490,5500,0.8679
5490,5506,0.8595
5496,5500,1.0
5496,5506,1.0
5496,5517,0.972
5500,5506,1.0
5500,8415,0.8929
5500,5518,0.7532
5506,8415,0.931
5506,5518,0.7595
5506,5517,0.7442
5517,5518,0.7294
5518,8415,0.8571
5570,12482,0.7619
5570,9501,0.7273
5570,9753,0.7273
5581,5582,1.0
5586,7513,0.8764
5586,9826,0.7654
5586,9827,0.7654
5588,5589,1.0
5588,5592,1.0
5588,5598,1.0
5589,5592,0.8636
5589,5598,0.8636
5589,6728,0.8636
5592,6733,0.8444
5592,10279,0.8085
5592,6728,0.7917
5597,5598,1.0
5597,5599,1.0
5597,5600,0.8696
5598,7063,1.0
5598,6733,0.8444
5598,8045,0.8197
5599,5600,1.0
5599,11556,0.8621
5599,11562,0.7414
5600,11556,0.8762
5600,11562,0.819
5600,5627,0.7143
5601,5902,0.7
5601,11670,0.7
5603,11511,0.6667
5605,7063,0.8
5605,10279,0.7059
5605,6728,0.6667
5621,13598,0.7037
5678,8354,0.8889
5678,8355,0.7105
5678,12246,0.6545
5720,7990,0.7097
5720,8291,0.7097
5750,8490,0.7
5766,5768,0.7407
5766,5767,0.6866
5767,5768,1.0
5776,5777,0.9032
5776,8022,0.6667
5800,6745,0.729
5800,14404,0.7097
5800,14402,0.6957
5893,11896,0.6538
5897,5899,0.8
5897,7895,0.6667
5899,11666,0.8235
5899,11394,0.7
5899,12547,0.7
5901,5902,0.6667
5902,11670,0.7692
5902,6203,0.7
5902,7018,0.7
5906,7677,0.8519
5930,6123,0.8276
5987,11304,0.8421
5987,9945,0.7805
5992,10339,0.7241
5992,6516,0.72
6017,6396,0.7
6017,11483,0.7
6017,12304,0.7
6020,6964,0.65
6021,6022,0.9048
6021,9485,0.6875
6022,11628,0.8333
6022,14232,0.6512
6025,6031,0.9259
6025,10001,0.875
6025,10015,0.875
6031,6034,1.0
6031,6036,1.0
6031,10037,0.875
6034,12059,0.8205
6034,6036,0.8125
6034,12062,0.6809
6036,12059,0.8205
6036,12062,0.6809
6036,6178,0.6667
6041,8630,0.7917
6041,10034,0.7241
6041,10037,0.7162
6053,11673,0.7826
6053,12009,0.6667
6062,8022,0.6667
6084,12468,0.7273
6084,7557,0.6857
6084,12055,0.6857
6086,6093,0.9412
6086,6092,0.7647
6086,6095,0.7647
6088,7144,1.0
6088,7150,0.8718
6088,6092,0.6923
6089,6091,0.9667
6089,9992,0.7826
6089,6092,0.6923
6091,9992,0.7826
6091,6092,0.6923
6091,6093,0.6923
6092,11579,1.0
6092,11580,0.9714
6092,6095,0.9412
6093,6095,0.7647
6093,11580,0.7429
6093,6094,0.6923
6094,7150,0.8837
6094,6095,0.6923
6094,11580,0.6667
6095,11580,0.9143
6095,7150,0.6923
6099,8184,0.6857
6099,6105,0.6667
6105,14275,0.6667
6121,6123,0.7018
6131,9980,0.7273
6131,6734,0.6957
6172,6178,0.8462
6172,6179,0.8462
6178,6179,1.0
6178,12059,0.7234
6178,8453,0.6667
6179,12059,0.8205
6179,13132,0.6933
6179,12062,0.6809
6194,6196,0.875
6194,6197,0.8095
6196,6197,0.9474
6203,12018,0.878
6203,7018,0.766
6203,11670,0.7
6211,11672,0.75
6211,8050,0.6906
6211,6219,0.6667
6219,9285,0.7246
6219,9347,0.7246
6219,6228,0.6667
6228,9285,0.6753
6241,8312,0.6522
6242,9679,0.6774
6244,9285,0.65
6264,6265,1.0
6264,6273,0.9351
6264,9712,0.9067
6265,6273,0.9315
6265,9712,0.9315
6273,6274,1.0
6273,9712,0.9474
6273,8521,0.7733
6274,9712,0.9106
6274,8521,0.7733
6274,6276,0.7143
6285,8107,1.0
6285,9311,1.0
6285,9494,1.0
6286,12482,0.7619
6286,11672,0.75
6286,14757,0.7273
6293,9220,0.9534
6293,8422,0.9091
6293,9219,0.8112
6300,6301,1.0
6300,6302,1.0
6300,6303,0.9697
6301,6302,1.0
6301,6303,0.9697
6301,8524,0.8876
6302,6303,0.9697
6302,8524,0.9198
6302,6964,0.7865
6303,8524,0.8276
6303,8522,0.7692
6303,12482,0.7619
6308,12482,0.7619
6308,14757,0.7273
6316,6317,1.0
6316,6318,0.9317
6316,6322,0.8541
6317,6318,0.995
6317,6322,0.9192
6317,6325,0.9146
6318,6325,0.92
6318,6326,0.9154
6318,6322,0.9146
6322,6325,0.995
6322,6326,0.99
6322,6323,0.9741
6323,6325,0.9071
6323,6326,0.8588
6323,9783,0.7692
6325,6326,0.995
6325,9783,0.7857
6325,12482,0.7619
6326,9783,0.7817
6326,12482,0.7619
6326,14757,0.7273
6328,12482,0.7619
6328,14757,0.7273
6331,13423,0.8
6394,6395,0.8649
6394,11668,0.75
6394,6396,0.6667
6395,6396,0.6667
6470,6475,0.7097
6516,10339,0.7
6526,11669,0.75
6526,12644,0.7234
6526,9920,0.72
6528,12642,0.8387
6529,6533,0.9412
6529,6536,0.6667
6533,6536,0.6667
6536,6540,1.0
6540,6542,0.8348
6543,6544,0.8205
6543,6734,0.6957
6543,8817,0.6939
6546,8540,0.9318
6546,6552,0.8522
6546,6548,0.8065
6547,6549,0.9355
6547,6551,0.931
6547,6548,0.9159
6548,6549,0.944
6548,8540,0.8058
6548,7310,0.7368
6549,6552,0.9394
6549,6551,0.871
6549,8536,0.8154
6551,6552,0.9355
6551,8536,0.9344
6551,6555,0.9159
6552,6555,0.944
6552,8540,0.8522
6552,8536,0.8308
6555,8540,0.8633
6555,8536,0.7832
6555,8541,0.7639
6566,11304,0.8421
6566,9945,0.7805
6566,11468,0.6824
6581,8533,0.8148
6581,8534,0.8148
6581,11459,0.8148
6582,9311,0.7246
6582,8107,0.6885
6582,9494,0.6562
6586,6587,0.9111
6602,9029,0.8085
6602,7197,0.7059
6602,6605,0.6977
6605,6614,0.85
6605,9029,0.7917
6605,11669,0.75
6608,6609,1.0
6608,7335,1.0
6608,8116,1.0
6609,8116,1.0
6609,6619,0.9412
6609,7597,0.9118
6613,12961,1.0
6614,11669,0.75
6614,14758,0.7222
6614,9920,0.72
6619,6633,0.8667
6619,7711,0.8667
6619,8116,0.8649
6632,6639,0.9885
6633,6638,0.8788
6633,8100,0.7857
6633,8101,0.7692
6638,8101,0.8176
6638,8100,0.7564
6638,9131,0.6667
6647,6662,0.8025
6647,6668,0.795
6647,6665,0.7935
6650,6651,0.7857
6650,6653,0.6944
6651,6681,0.9412
6651,6653,0.7857
6651,6699,0.7619
6653,7310,0.7368
6653,6691,0.7065
6653,6734,0.6957
6655,6657,1.0
6655,6660,1.0
6655,6662,1.0
6657,6673,0.9942
6657,6660,0.9697
6657,6662,0.9697
6660,6673,0.9045
6660,6662,0.9
6660,6664,0.8776
6662,6664,1.0
6662,6665,1.0
6662,6666,0.9857
6664,6665,1.0
6664,6666,1.0
6664,6667,1.0
6665,6666,1.0
6665,6676,0.9964
6665,6667,0.9815
6666,6676,0.9627
6666,6668,0.9568
6666,6667,0.9534
6667,6668,0.9828
6667,6676,0.9684
6667,6670,0.9296
6668,6676,0.9718
6668,6673,0.9045
6668,6702,0.8848
6670,6676,0.9065
6670,6673,0.8485
6670,8549,0.7519
6673,6676,0.9701
6673,8549,0.6993
6673,6683,0.6667
6676,6702,0.9099
6676,6683,0.8938
6676,6706,0.7857
6681,6691,1.0
6681,6699,1.0
6681,6683,0.7857
6683,6706,0.9634
6683,6702,0.9614
6683,6707,0.6757
6685,14187,0.7234
6685,6707,0.6757
6691,6699,0.913
6691,6707,0.8989
6691,6695,0.6753
6695,6707,0.9348
6702,6706,0.8742
6702,6707,0.6757
6706,6707,0.775
6724,12283,1.0
6728,6733,0.9091
6728,10279,0.8085
6728,7063,0.7917
6733,7063,0.8444
6733,8045,0.8444
6733,10279,0.8444
6734,6738,0.7586
6734,7206,0.6957
6734,7214,0.6957
6738,10293,0.6667
6741,13205,0.8182
6743,14408,0.8807
6743,10426,0.6847
6743,6753,0.679
6744,6754,0.7636
6744,6761,0.678
6745,13298,0.8062
6745,13301,0.7939
6745,13300,0.7714
6746,6747,0.7805
6746,6761,0.7541
6746,14423,0.6984
6747,14409,0.9643
6747,14410,0.9423
6747,6762,0.8099
6748,14412,0.9134
6748,6751,0.88
6748,6749,0.8077
6749,6751,0.88
6749,6753,0.733
6749,6752,0.7234
6751,6753,0.88
6751,14418,0.8736
6751,6754,0.6939
6752,6755,0.835
6752,6753,0.7976
6752,6754,0.6939
6753,14408,0.7174
6753,13164,0.7115
6753,13157,0.7018
6754,6756,0.8571
6754,6757,0.8571
6754,6755,0.6939
6755,6761,0.8923
6755,14423,0.7541
6755,6757,0.6667
6756,6757,0.9933
6756,6762,0.9355
6756,14419,0.9272
6757,6762,1.0
6757,6758,0.951
6757,14420,0.9281
6758,6762,0.944
6758,14422,0.9364
6758,14420,0.8358
6760,14414,0.8182
6760,13295,0.8
6760,13298,0.7068
6761,14423,0.9459
6761,6762,0.8571
6761,14420,0.7368
6762,14420,0.9524
6762,14419,0.8951
6762,14422,0.8908
6770,6772,1.0
6770,6782,0.9333
6770,8056,0.75
6772,14587,0.875
6772,14586,0.7407
6772,14580,0.72
6775,9679,0.678
6777,6779,0.7273
6782,6783,1.0
6782,6784,1.0
6782,6786,1.0
6783,14600,0.9
6783,6786,0.8
6783,14599,0.72
6784,6786,0.8852
6784,6789,0.7733
6784,14599,0.72
6786,6789,0.9697
6786,14599,0.72
6786,8550,0.6909
6789,14605,0.7692
6789,14599,0.72
6789,8550,0.6792
6826,11672,0.75
6826,8494,0.6757
6826,8495,0.6757
6836,7940,0.6667
6836,9115,0.6575
6836,9243,0.6512
6885,6965,0.8092
6885,14287,0.8092
6932,6933,1.0
6932,6934,0.7368
6932,6936,0.7368
6933,6967,0.913
6934,14283,1.0
6934,6936,0.7385
6934,9963,0.6538
6936,6965,0.8182
6936,14287,0.6552
6938,6951,0.7634
6938,6943,0.6723
6943,7306,1.0
6964,7321,0.7865
6964,7677,0.7865
6964,7906,0.7865
6965,14287,0.914
6965,14283,0.8137
6971,12065,0.6667
6982,6990,0.9412
6982,7000,0.7711
6982,6985,0.7586
6985,6990,0.7586
6985,7000,0.7586
6985,7001,0.7586
6990,7000,1.0
6990,7001,1.0
7000,7001,0.8736
7014,7017,0.8
7014,7021,0.72
7014,7018,0.6667
7017,7019,1.0
7017,7021,0.7692
7018,12018,0.878
7018,11670,0.7
7018,11363,0.6667
7019,7020,0.8205
7019,12036,0.7907
7020,10902,0.6939
7020,10903,0.6531
7021,8553,0.75
7021,13619,0.72
7042,13388,0.7568
7042,7043,0.6857
7043,11311,0.7353
7043,9184,0.6591
7044,10901,0.7647
7044,10902,0.7222
7044,11670,0.7
7052,11682,0.6667
7063,10279,0.8276
7063,8045,0.7755
7063,11556,0.7755
7070,7071,1.0
7070,7072,1.0
7071,7072,0.9438
7071,13729,0.7708
7071,7077,0.7632
7072,7076,0.8873
7072,9908,0.7733
7072,13729,0.7708
7076,7080,0.8327
7076,13731,0.8286
7076,7081,0.8133
7077,7088,0.7451
7077,8555,0.6882
7077,7079,0.6847
7079,8555,0.806
7079,7080,0.708
7079,7081,0.708
7080,7081,1.0
7080,7090,0.8757
7080,7089,0.8725
7081,7090,0.8757
7081,7089,0.8265
7081,7088,0.8257
7082,7083,0.8493
7083,12627,0.7843
7083,8768,0.68
7088,7089,1.0
7088,7090,1.0
7088,12618,0.7692
7089,7090,1.0
7089,9906,0.6996
7089,9907,0.6988
7090,9907,0.6975
7090,9908,0.686
7090,9906,0.6746
7104,14624,0.7143
7144,7147,1.0
7144,7148,1.0
7144,7149,0.7778
7147,7150,0.75
7147,7149,0.6957
7147,7171,0.6667
7148,7149,0.8571
7149,7150,0.75
7150,7171,0.8636
7150,11580,0.6667
7190,7191,1.0
7190,13379,0.6809
7190,11677,0.6667
7197,7198,0.7333
7198,13830,0.7333
7199,7200,0.9756
7199,7202,0.9268
7200,7202,0.9512
7206,9980,0.7273
7207,11951,0.6909
7208,7215,0.7385
7208,8025,0.6552
7209,7210,1.0
7209,7211,1.0
7209,7215,1.0
7210,7211,0.9535
7210,11669,0.75
7210,9920,0.72
7211,11669,0.75
7211,9920,0.72
7211,11952,0.6667
7213,11951,1.0
7213,7216,0.9333
7213,7217,0.7097
7214,7216,0.7
7215,8025,0.8
7215,11669,0.75
7215,14394,0.7353
7216,7217,0.7097
7216,11951,0.6512
7217,11951,0.7273
7218,7670,1.0
7218,8235,1.0
7218,11952,1.0
7219,7220,0.8936
7219,12273,0.6818
7236,7237,0.9109
7236,7239,0.9109
7236,7240,0.9109
7237,7239,0.8932
7237,7240,0.8846
7239,7240,0.9043
7239,12140,0.678
7256,7258,0.6966
7257,10818,0.6889
7258,8745,0.7222
7258,10621,0.7083
7258,12931,0.6905
7272,13984,0.7869
7272,13982,0.7018
7310,7321,0.7
7315,11669,0.75
7315,9920,0.72
7318,8567,0.8077
7318,7321,0.7222
7321,8453,0.7447
7321,7677,0.7368
7321,7906,0.7368
7335,8116,0.7451
7335,7596,0.7333
7351,13507,0.85
7420,11871,0.9043
7420,11872,0.9043
7420,7421,0.7473
7422,9313,1.0
7437,7448,0.9831
7454,14182,0.6909
7508,13316,1.0
